title,videoId,viewCount,likeCount,dislikeCount,commentCount,favoriteCount,duration,uploadTime
Anchor Media 'ashaaraa yamiqamathawe taarikene bamadamesasenaa bahezebe saqoqaa laaye 'ayedalame,0V_K8bhbvmc,39620,2161,0,178,0,PT19M21S,2024-10-15 03:15:45
Anchor Media 'adise 'ababaa yahezebe quthaa lifanadaa yecelaale: yafaano delocenaa ya'agazaazu yachekaanee 'eremejaawoce: yahewehate mariwoce deje thenaate ba'adise 'ababaa,m0fDdANb2Xo,62090,3137,0,304,0,PT1H20M29S,2024-10-15 01:20:00
Anchor yamerekonyaa gorefe  &#39;&#39;wanedemocaacene naacawe: 'enekwaane saayemotu ka'enyaa 'eje gabu. yamenebalaawene yebalaalu. gizeewe sidarese kabeetasabocaacawe gaare yeganaanyaalu&#39;&#39;,aUgmAdA1Gzc,174784,8018,0,733,0,PT22M2S,2024-10-14 01:30:49
Anchor yawalediyaa waqetaawi huneetaa: yafaano deloce baya'aqethaachaawe: ba'adise 'ababaa farasaawe tathanaakero qathelwale: yamitarefe safare yalame: yabeletsegenaawe nabeye tenebite,WExLtXZkFjY,122279,6168,0,741,0,PT1H42M52S,2024-10-14 05:45:41
"Zakir Naik Controversy In Pakistan: Female News Anchor pr jaakir kaa ghttiyaa Comment, paak meN mcaa bvaal",IP8kX7rkK1Y,21545,171,0,281,0,PT3M37S,2024-10-13 18:45:06
Anchor Media 'adise 'ababaane maane yaadenaate? yafaano delocenaa ya'abeye 'ahemade 'agazaaze kisaaraa: yamakalaakayaa yakebere 'abaalaate samonenyaa quthaa: yategeraaye qawese,VQxo5zzpkvA,85253,3949,0,361,0,PT1H33M15S,2024-10-12 09:58:56
Anchor Breaking sabare zeenaa,pdGZZ54rmBM,116364,3217,0,258,0,PT22S,2024-02-05 13:27:30
Anchor Media &#39;&#39;qathaayu tale`eko thorenatune ka'amaaraa kelele maawethaate nawe&#39;&#39; ra/pe geetaa 'aseraada - ya'amaaraa faano hezebaawi derejete yapolatikaa mameriyaa haalaafi,WkKfMVdA1ow,177000,6692,0,926,0,PT55M33S,2024-10-12 03:26:02
Actor Noel Sean Exclusive Interview | Anchor Shiva | iDream Media,DVovmIY9f5Q,1727,61,0,3,0,PT59M19S,2024-10-15 05:30:06
Anchor (hamuse `elate yataqaratsa) yafaano deloce: 'adise 'ababaa maadaane teyopheyaane maadaane nawe: daberatsiyone ba'adise 'ababaa: 'asemaraa yataganaanyute sosetu hagaraate,fkxXDptQw8o,91898,3260,0,244,0,PT1H27M47S,2024-10-11 12:12:46
Anchor Media &#39;&#39;merechaacene bahagaraacene maseraate nabare. gene selaalecaalene: tasadadene&#39;&#39; gaazeethanyaa balaaye maanaayee,Ie0lqjNLLGg,74515,3254,0,180,0,PT15M21S,2024-09-18 20:10:23
Where do Republicans come up with these theories?,39171lAF1Xk,449416,31880,0,855,0,PT53S,2024-10-09 22:00:01
Anchor Media balemaate seme yasawe leje sifarese ba`aayenee 'ayahute - ba'azeebe warequ,HupPcaB7Vv0,111498,4916,0,489,0,PT7M22S,2024-09-14 13:56:51
"InstaClass on 'Skill of Anchoring' with Kavita Ralhan, Anchor, Media Professional",ZV55n266Tgk,716,0,0,0,0,PT5M50S,2021-03-12 09:55:51
Anchor News Update fenotasalaame: damebachaa bafaano tayezawaale: ya'amaaraa midiyaa koreporeeshene laaye yabomebe theqaate tafatsama,5XWsk13_4IA,195441,8235,0,467,0,PT12M12S,2024-10-04 18:14:04
Anchor Media haayemaanotaawiwenaa polatikaawiwe reecaa,AhBQsay6gWs,14911,1001,0,82,0,PT26M11S,2024-10-05 15:33:28
Melissa Francis: From Child Star to Fox Business Anchor - Media Beat (1 of 3),netxufbyeaE,50855,239,0,25,0,PT6M2S,2012-08-06 20:08:54
Anchor Media &#39;&#39;yabeletsegenaane saraawite 'aferesanawaale. yamiqarawe matharaarage nawe&#39;&#39; ya'amaaraa faano gonedare `eze waanaa 'azaazhe shaalaqaa habetee waledee,dgDMNMBWK84,174940,7124,0,449,0,PT12M30S,2024-09-18 13:53:58
Anchor Media &#39;&#39;baqerebu teleqe yadele zeenaa yenoranaale.&#39;&#39; 'arebanyaa 'aserase maara daamethee,WfKyYBMAkU8,204174,7820,0,519,0,PT22M12S,2024-10-04 04:41:14
Anchor Media ya'aferikaawe qanede fethechaa bawataadaraawi makonenu `aayene,AMnXinI63lE,75495,3028,0,252,0,PT1H14M40S,2024-09-15 02:01:13
Anchor Media ba'oromiyaa kelele yaqathalawe ya'oretodokesaaweyaane gedeyaa: ya'amaaraa kelelu felemiyaa: konomiwe 'asheqolequlwale: reecaa wararaa wayese ba`aale,N3tZFXJAjuc,95507,4389,0,380,0,PT1H25M3S,2024-10-02 06:36:25
Crisna Chaitanya Reddy And Vamsee Krishna Reddy Exclusive Full Interview | Anchor Shiva | IDream,LTXt-z0hklI,286134,4369,0,1019,0,PT1H52M11S,2024-10-07 09:30:31
Anchor Update yabereshalaqo wataadaraawi maasalethanyaa kaamepe laaye theqaate tafatsama,uU6R5PfILfw,221329,8523,0,487,0,PT8M4S,2024-10-08 20:09:28
Anchor Media ba'amaaraa ka30shihe balaaye sawoce taaserawaale: yafilede maareshaalu qaale nathebe mathaale wayese maaseqothare: yajaawaare tezebete: ya'amebaasaadaru thanekaaraa male`ekete,VFAhVo0VwOc,58255,2505,0,155,0,PT1H35M28S,2024-10-01 07:29:36
Anchor nrre phoo laiv aayi Unlock ceytppoo  Mentalist Trick,buwVmT2ce0o,1769029,118429,0,238,0,PT48S,2024-10-12 05:40:05
Anchor Media bamalaa gojaame kafetanyaa wegiyaawoce 'eyadaragu nawe,5vOHWe3IErA,110338,5487,0,260,0,PT8M50S,2024-08-15 20:19:16
Anchor Media sameene walo qaalime 'anede reejemanete thore katheqeme wechi tadaregwaale. &#39;&#39;la'adise `aamate 'adise nagare thabequ&#39;&#39; wegiyaawene yamaru yafaano 'amaraare,FbIIwxoJZ_w,125101,5926,0,378,0,PT8M22S,2024-09-08 19:28:58
Anchor Special ya'abeye 'ahemade yathelaacaa negegeroce,TGII2yhyQm0,138099,5609,0,566,0,PT18M47S,2024-05-12 03:50:29
Anchor Media yateyopheyaa 'oretodokese beetakeresetiyaane batheleqe fatanaa wesethe naate,y2I6eZEM4ok,23989,1517,0,107,0,PT1H12M50S,2024-10-03 00:06:21
"Storm Milton, major disaster #shorts",zdEpD76ekdM,102960,2645,0,117,0,PT24S,2024-10-11 23:11:06
Anchor Media &#39;&#39;ya'abeye 'ahemade yakonomi polisi gabayaa mare saayehone thamanejaa mare nawe&#39;&#39; pe/re tashoma 'ababa,O3JC6Lf9_jw,62566,2370,0,166,0,PT1H22M31S,2024-09-07 13:35:35
Anchor media ya'adaamaawe yabeletsegenaa sebesabaa: faanonaa 'adisu `aamate: bategeraaye mafaneqela manegesete? 'obenage yathayaqawe maaberaariyaa: ya'aferikaawe qanede qawese,DcJ5WB4ihn8,77802,2847,0,201,0,PT1H29M44S,2024-09-13 22:28:21
Anchor yagonedaru wegiyaa: ya'abeye 'ahemade 'adise zure theqaate: yategeraaye qawese: yathorenate kabaro babaado meedaa: yataakela 'umaa &#39;teyopheyaa&#39;: yape/re bayana senebete,UfGWRr6I_lU,99329,3654,0,275,0,PT1H33M7S,2024-09-18 07:04:06
"Israel now Iran Will not leave, Pak anchor Fiza Khan",hV2aKobK8kY,181081,6288,0,727,0,PT6M50S,2024-10-03 01:30:33
Anchor Media ya'ameerikaa merechaanaa teyopheyaaweyaane ba'ameerikaa,TRoyYwaZNyw,17780,1178,0,83,0,PT45M14S,2024-09-26 02:46:09
"Anchor, Reporter bnne ke lie khaaN se kreN pddh'aaii?| How to become a Journalist | IIMC | Media@RangrootLT",yDTx59w3e4E,208147,6714,0,262,0,PT10M31S,2022-08-11 11:39:07
ii 14 vyss kaar Anchor nrre killi prrtti  Mentalist Karthik Interview | Magic,dl2VcR1BxAE,1146360,27501,0,757,0,PT27M48S,2024-07-08 09:41:51
PTUN Jakarta akan Bacakan Putusan Gugatan PDIP ke KPU soal Pencalonan Gibran jadi Cawapres #shorts,uBCHnj6cwbg,492130,3422,0,258,0,PT43S,2024-10-10 02:40:00
Anchor Media heberataacene - dehera 'abeye 'enaa yabeheere theyaaqee - bagalataawe zalaqa,EGWUZiTqAKc,16478,913,0,91,0,PT1H54S,2024-10-06 04:55:37
Anchor Media yakaahenunaa yabeetasabu gedeyaa: yareecaa 'abeyote: yaderone theqaate bamaseqale ba`aale: yawareqe negedu kamanegesete quthethere wathetwale: yaniweyoreke le`ukaane,QShfPKkAqkk,53587,1760,0,210,0,PT1H18M15S,2024-09-27 23:57:21
Anchor Media&#39;&#39;yasawe hagare warahe yateyopheyaa hezebe kagonee yesalafaale belahe fatsemo 'atethabeqe. 'abeye 'ahemade 'ebede selahona thorenate wesethe ligabaa yecelaale&#39;&#39;,ARsA6wAkJb4,170125,4992,0,1239,0,PT32M46S,2024-09-03 01:15:50
Anchor yapereezedaanetwa wesaaneenaa ya'ena 'abeye 'ahemade tathabaaqi 'eremejaa: yapolatikaawe reecaa 'eyafathara yaalawe hagaraawi 'adagaa: yafaano delocenaa yabeletsegenaa peropogaanedaa,PLjljzkski8,211145,7389,0,750,0,PT1H15M19S,2024-10-06 08:24:31
Anchor New Year 2016 'enedeete 'alafa? ba2017 mene 'enethabeqe?,2YR4mdbkv5A,16043,824,0,58,0,PT15M53S,2024-09-10 11:51:06
Anchor Special waalalenye makonene daageme motwale - bamulu`aalame ga/madehene,gFj0ERxDkJc,106480,5763,0,903,0,PT26M18S,2024-08-30 05:37:52
Anchor Media yagonedaru wegiyaa,2eaqiEkoD2g,133738,5753,0,282,0,PT8M8S,2024-09-18 01:18:34
Anchor ya'abeye 'ahemade zamacaa ba'amaaraa kelele: ya'ereecaa ba`aale yapolatikaa maderake: yakonomiwe qawese kafaano bafite manegesetene yaathafaale: ya'eseraa`eelenaa raane fethechaa,eNnAeK5kMis,60605,2568,0,225,0,PT1H45M30S,2024-10-03 19:50:33
Anchor &#39;&#39;salaame kaleela merete yalame. merete kaleela 'edegate yalame. ya'abeye 'ahemade 'agazaaze yeheene tafathero'awi 'ewenate lamakaade yefalegaale&#39;&#39; pe/re tashoma 'ababa,cWaGCXI4JBM,56135,2695,0,130,0,PT1H11M30S,2024-10-03 11:45:52
ii 14 vyss kaar Anchor nrre killi prrtti  Mentalist Karthik Interview | Magic,dl2VcR1BxAE,1146360,27501,0,757,0,PT27M48S,2024-07-08 09:41:51
PTUN Jakarta akan Bacakan Putusan Gugatan PDIP ke KPU soal Pencalonan Gibran jadi Cawapres #shorts,uBCHnj6cwbg,492130,3422,0,258,0,PT43S,2024-10-10 02:40:00
Anchor barekaataa 'akabaabiwoce bafaano quthethere sere gabu: 'abeyaata keresetiyaanaate bame`emanaane dereqe tamatu: ya'oromiyaa beletsegenaanaa 'adise 'ababaa: ya'aferikaawe qanede qawese,E_8M-fmCRW8,76561,3191,0,239,0,PT1H23M42S,2024-09-26 01:05:16
Anchor Media &#39;&#39;'enasu la'eraate siyaasebune 'enyaa laqurese 'adaragenaacawe&#39;&#39;,m0N8epl_Yp0,153583,6954,0,418,0,PT17M11S,2024-10-07 04:03:37
Janelle Monae: The Legend &amp; The Moment  #Shorts #MetGala #MetGala2023 #JanelleMonae,mJdNMmyzA2Y,9362924,158552,0,20891,0,PT18S,2023-05-04 16:15:04
Anchor Media &#39;&#39;yabeletsegenaa saraawite nagare tsagure letesaraa mathetaa talaachetaa tamalasace `aayenate nawe&#39;&#39; 'arebanyaa 'aserase maara daamethee,JvkKJl-6Pdk,178118,7009,0,433,0,PT20M53S,2024-10-10 04:00:45
Anchor Media &#39;faanone 'asetanefesane 'enedaraadarawaalane&#39; beletsegenaa: pereezedaanetwa  bapaarelaamaa: yareecaa ba`aalenaa polatikaawi 'enedametaawe: yafi/maa berehaanu julaa hameete,3iiwFNVA7DY,134275,4931,0,321,0,PT1H27M46S,2024-10-07 07:42:36
Anchor media heberataacene - tekurate lamaahebaraawi habetaacene - bagalataawe zalaqa,ecSuGRi4sZg,7593,519,0,21,0,PT33M28S,2024-09-14 01:58:19
Anchor Media yazaareewe yagojaame yawegiyaa zagabaawoce: barekaataa 'akabaabiwoce tayezawaale,ne2d6eFdG40,132013,5626,0,372,0,PT14M44S,2024-10-03 22:11:09
Anchor Media yagonedaru wegiyaa,2eaqiEkoD2g,133738,5753,0,282,0,PT8M8S,2024-09-18 01:18:34
Anchor yafaano delocenaa kefetatocu: yadaane`eele keberate ya'adaamaawe negegere: ya'ereecaa ba`aalenaa ya'adise 'ababaa hezebe saqoqaa: ya'aferikaawe qanede qawesenaa pe/re beruke,-7fWj7uCMEM,143623,4805,0,411,0,PT1H32M18S,2024-09-24 03:27:21
'Spiraling': Anchor reacts to Trump's speech and analysts discuss,nKOz00xqtj8,1643944,20517,0,12231,0,PT32M51S,2024-08-09 01:27:04
Anchor Media yateyopheyaa yasabe`aawi mabetoce komishene riporete basabe`aawi mabete tamwagaacu `aayene,xCb5CGHxLog,37830,1857,0,83,0,PT50M33S,2024-09-27 08:13:20
Anchor Media &#39;&#39;'ayenune kazihe tegele laaye yaminaqale 'amaaraa yalame&#39;&#39; 'arebanyaa 'aserase maara daamethee,kwyrTQLdq0Q,113948,5426,0,512,0,PT26M41S,2024-09-02 13:28:07
Anchor Media yadabube gonedare waqetaawi huneetaa,rwMPSwTNlmo,148011,5776,0,332,0,PT14M10S,2024-10-03 03:49:10
Anchor Media yabeetakeresetiyaanitu fatanaanaa 'adise 'ababaa,F1aYGGD8lLE,75519,4567,0,462,0,PT21M17S,2024-10-13 02:26:20
Anchor Media waqetaawi yafaano yawegiyaa welowoce,6JKj5pGqBXI,141962,5748,0,319,0,PT10M51S,2024-03-06 07:11:55
Anchor Media yataqathaathalawe yafaano tagaadelo: barekaataa 'akabaabiwoce natsaa wathetawaale: yamaqaleewe fethechaa qathelwale: gaamebeelaa baalabeete 'alebaa kelele: 'atenasaame waye 'adise,gPW1r7VJGQU,135892,4684,0,279,0,PT1H21M58S,2024-08-17 00:33:51
Anchor media yaminiseteroce shegeshege: yajee/le taadasa warada magelachaa: layunivareseti tamaariwoce megebe maaqerabe liqome yehone? yabeetakeresetiyaanitu fatanaa,4qoKH5tk1Yk,59636,2098,0,224,0,PT1H4M44S,2024-05-20 21:30:40
Anchor media sameene 'ameerikaa kamiganyu manakosaate yatalaalafa waqetaawi theri,fiMvFAR_bUQ,35278,2236,0,186,0,PT14M9S,2024-05-20 17:10:01
Smriti Irani's Multilinguistic Welcome of Indian Students Returning From Ukraine,6h7fFULHlE4,9170753,252533,0,2862,0,PT29S,2022-03-02 13:35:00
TATA Group Get New Chairman Noel Tata | Ratan Tata | ttaattaa kott vaarsuddu itnee | ZEE Telugu News,VVxHHgnAFHs,218532,3521,0,6,0,PT30S,2024-10-11 08:53:52
Anchor media ya'amaaraa faano tagaadelowoce kasamonu,V31iJU36ZcM,142394,6142,0,394,0,PT40M5S,2024-08-23 18:06:01
Anchor &#39;&#39;beetakeresetiyaanitu `elata `aarebe laaye naate. lamaayeqarawe samaa`etenate 'enezagaaje. yamacharashaawe dawele lisamaa taqaarebwale. merechaa yalaneme&#39;&#39; qomose 'abaa geedeewone,pAp2qKuKl8U,67985,2322,0,222,0,PT1H30M54S,2024-05-20 04:07:31
Anchor Media karaase balaaye yaheyewate zamane taagaaye - 'arebanyaa daraja balaaye,F7nmVRblOEQ,71305,4789,0,470,0,PT11M51S,2024-09-27 14:56:54
Anchor Media yateyopheyaa 'aweropelaanenaa yaraashiyaa taathaaqiwoce: 'aweropaa lateyopheyaaweyaane vizaa kalakalace: yafaano theqaate batatalayaayu 'akabaabiwoce: yabeletsegenaa gemegamaa,BzQwbXuk6Ik,66629,2417,0,151,0,PT1H27M6S,2024-04-29 17:12:17
Anchor Media &#39;&#39;bashenefateme yehune bapolatikaa kisaaraa ya'abeye 'ahemade saraawite kakelelu biwathaa lamaanenyaaweme qathaaye hidate tazagaajetanaale&#39;&#39; faano 'aserase maara daamethee,-59XLsFCmFQ,159859,5522,0,216,0,PT18M5S,2024-08-22 05:59:03
Anchor Media yapolise makonenu yenaagaraalu: ya'adise 'ababaawe 'opereeshene: ya'abeye yatsathetaa mawaaqere: makalaakayaa saraawitu 'ewene yateyopheyaa wayese ya'abeye 'ahemade?,iv83OuVArCQ,106981,4275,0,238,0,PT1H3M16S,2024-04-24 21:15:22
Anchor Media ka'amaaraa faano gonedare `eze yatasatha 'asecakwaaye magelachaa,2My4YUw8810,123748,5595,0,363,0,PT11M47S,2024-09-03 21:07:56
Ethiopia arrests over 170 anti-peace elements in Oromia region,2pHXrj3RDWI,716300,2078,0,88,0,PT1M11S,2018-08-21 12:40:23
Anchor Media &#39;&#39;la'abeye 'ahemade saraawite shawaa laaye yaalawe faano yebaqaawaale&#39;&#39; shaalaqaa 'ababa mulaate,jhSVgJJyU2A,145343,6273,0,474,0,PT13M56S,2024-10-02 22:58:36
Anchor Media qulefe 'akabaabiwoce bafaano tayezawaale: yape/re beruke 'anagaagaari hasaabe: ya'adise 'ababaa beetakeresetiyaanaate 'adagaa laaye naacawe: 'afasaa ba'adise 'ababaa,N3GmvbYLPPM,123573,4481,0,319,0,PT1H49M47S,2024-09-22 04:02:51
Anchor Media yagonedare waqetaawi huneetaa,fjGL6uyr-6E,93572,3855,0,230,0,PT9M39S,2024-09-19 05:32:53
Anchor Media ka'ato ledatu gaare qoyetaa,Tr6ueMmZiZU,31678,911,0,64,0,PT38S,2024-01-14 14:06:09
Anchor Media yafaanowoce delenaa ya'abeye 'ahemade saraawite maferakerake,2OnnWEIQqNI,169874,7521,0,551,0,PT28M54S,2024-09-09 17:00:32
Anchor &#39;&#39; manakosaate saayeqaru tadaferawaale. 53 yaderone theqaatoce tafatsemawaale. ka2500 balaaye sawoce tagadelawaale. 4miliyane hetsaanaate temeherete beete yalume&#39;&#39;,i9mEhfsm7Hk,19820,1064,0,57,0,PT38M31S,2024-09-18 18:56:56
yaaNkr kaavyshriipai daaddi LIVE : Attack On Anchor Kavya Sri | EX MP Margani Bharat | RTV,9on2rFirgnI,66969,141,0,4,0,PT8H19M58S,2024-10-14 10:56:01
Anchor Media &#39;&#39;kabaanedaa leelaa qaale binore noro la'abeye 'ahemade yegabaawe nabare&#39;&#39; /re gedaye zaraatsiyone. selategeraaye waqetaawi huneetaa yatadaraga weyeyete,IY_-BXirBxA,104405,3765,0,227,0,PT1H1M45S,2024-09-16 00:35:55
Anchor Media yajigaawenaa yanonowe gedeyaa: yabaaneke saraatanyoce tarashanu: ya'olaa maasethaneqaqiyaa: ya'abeye 'ahemade saraawite 'eyatamataa nawe: saraatanyaawe 'eyataraaba nawe,AXOluseO0x0,69011,2662,0,173,0,PT1H15M46S,2024-06-17 17:37:36
Anchor Media &#39;&#39;gonedare baqerebu mulu bamulu natsaa tewathaalace&#39;&#39; komaanedare 'aragaa 'alabaacawe ya'amaaraa faano gonedare `eze yabalaaye thabaaqi me/sabesaabi,nMS-Fs8wD-0,140797,5888,0,420,0,PT12M42S,2024-09-08 08:28:20
Anchor Media &#39;&#39;ya'abeye 'ahemade yakonomi polisi gabayaa mare saayehone thamanejaa mare nawe&#39;&#39; pe/re tashoma 'ababa,O3JC6Lf9_jw,62566,2370,0,166,0,PT1H22M31S,2024-09-07 13:35:35
Lydia Ko making it look easy  #LPGALookback,VPkkVQP5ECc,49907785,487293,0,4984,0,PT26S,2022-12-09 21:22:27
yaaNkr kaavy shrii pai vaisiipii neet daaddi | Attack On Anchor Kavya Sri | RTV,UmriZzDEEMA,25215,349,0,2,0,PT52S,2024-10-14 05:15:01
Anchor Media heberataacene - badehera 'abeye gizee deemokeraasine yamaawaalade tegelaacene - bagalataawe zalaqa,aAy_TmExZs8,8702,445,0,17,0,PT52M33S,2024-10-12 01:26:52
Anchor Media yabaaheredaare yabomebe theqaatenaa waqetaawi huneetaa,j6LS-iDfSBQ,72733,3901,0,127,0,PT12M33S,2024-08-09 14:04:49
bhgvNtuni saakssigaa vaalllNtaa srvnaashnN avutaaru.!! | #chalakichanti #jabardasth #anchorshiva #idream,H92s6t2iOAk,552,145,0,3,0,PT1M,2024-10-15 08:00:40
Anchor Media bathelaacaa 'eyafarasace yaalace katamaa - 'adise 'ababaa,BFiviIHNoP4,118077,3712,0,521,0,PT20M31S,2024-03-23 05:49:52
Anchor Media 'enee yamelawe : kefele 21 - ba2017 beletsegenaane 'eneshanyawe,iR7gGgAQWCo,128357,7604,0,752,0,PT28M31S,2024-09-13 06:25:11
Anchor Media &#39;&#39;bazihene waqete ka'abeye 'ahemade yabalatha yateyopheyaa beheeraawi segaate yalame. thorenate katakaaheeda 'abeye 'ahemade yaakatemelataale&#39;&#39; do/re yonaase beru,7cMWM3_-v_w,90333,3122,0,334,0,PT1H37M19S,2024-09-06 05:25:05
Anchor Media &#39;&#39;wada hagare beete tamaleshee salaamaawi tegelune 'eqathelaalahu&#39;&#39; 'ato ledatu 'ayaaleewe,lMBarVGZPhw,170109,5902,0,1218,0,PT2H16M1S,2024-01-14 18:00:06
Anchor Media ya'amaaraa faanowoce 'eyaasemazagabu yaalute dele: ya'abeye 'ahemade saraawite yazarafawe 30miliyone bere bafaanowoce tamaleswale: yategeraaye qawese,yzow6V_794I,82860,3353,0,217,0,PT1H12M35S,2024-10-09 14:28:20
News Anchors ko svaal puuchte vkt Kapil ho ge Nervous | The Kapil Sharma Show S2 | Best Moments,gnJS23i1LxA,2185341,24806,0,1096,0,PT12M32S,2023-02-26 08:30:09
Anchor Media gonedare bazihe samone,6lTb_cmw34c,86930,3991,0,219,0,PT16M3S,2024-06-09 00:05:54
Anchor Media thaameraa feedaraalizeme - hegamanegesete menedene nawe? bagalataawe zalaqa,WbtTkjEFXS0,14460,741,0,52,0,PT52M56S,2024-06-15 01:56:00
Anchor Media &#39;&#39;'abeye 'ahemade ba'adise 'ababaa jeenosaayede 'enedifatsame yaadaregaale.&#39;&#39; daraasinaa yakominikeeshene baalamuyaa 'asaayee darebee,M7KrgtAVquI,85029,3245,0,290,0,PT43M54S,2024-06-28 15:28:09
Anchor Media thorenatunaa mekekeru - 'amebaasaadare berehaanamaseqale nagaa,RaaOyyCSgsU,47499,2331,0,105,0,PT18M30S,2024-06-06 22:40:05
#sabare zeenaa maraajaa theqeme#//4/bagojaame#merekonyaa walediyaa takababaace# Anchor media baheredaare #ya'ayare theqaate netzune,9pBHVeJTBB4,256,12,0,2,0,PT1H23M26S,2024-10-15 07:52:55
Anchor News Fri Sep 6 ya'ehudu ya'adise 'ababaa salefe: yazone yabeletsegenaa 'amaraaroce 'eje 'enedisathu tathayaqa: yabaaheredaare zuriyaa wegiyaa: yaguraagee qawese,qdAoar2TIso,208153,6184,0,441,0,PT27M38S,2024-09-06 15:12:21
Anchor Special ya`aalame pereese qane - &#39;&#39;badabo magelachaa maawethaataacehu genenyunataacenene yaashaakeraale&#39;&#39; ya'abeye 'ahemade yaweche gudaaye maseriyaa beete,JTJnqwul8Hs,25713,1401,0,75,0,PT18M15S,2024-05-04 05:43:45
Anchor Media &#39;&#39;yasinodosu 'abaatoce beetakeresetiyaanitune 'asaalefawe sathetawaale. 'abeyene lamaasedasate beetakeresetiyaanitune 'awaaredawaale&#39;&#39; 'abaa gabere`eele,WlVxgeEUue0,36239,1533,0,201,0,PT45M4S,2024-06-08 00:07:01
Anchor News yasosete kelele leyu haayeloce 'adise 'ababaa saferawaale: yamaraawiwe wegiyaa: semeene shawaa felemiyaawe tathanaakerwale:ya'amaaraa meselanee 'amaraaroce naga yemalasaalu,4PryYhXVJsI,251211,7776,0,400,0,PT19M1S,2024-04-27 21:44:26
Jon Stewart makes a desperate plea to the media. #shorts,6_fiZnzfcA8,2497077,131978,0,2148,0,PT51S,2024-06-04 22:22:05
Anchor Media bashawaa yatadaragu yahelewenaa tagaadelowoce - bashaalaqaa mulaatu 'ababa,D5aJc6OEN5U,141861,5276,0,226,0,PT13M15S,2024-08-18 04:42:10
Anchor Media temeheretaawi yazare maathefaate - ya'abeye 'ahemade terufaate,KsdHrGZ8Nsw,25818,1103,0,65,0,PT5M57S,2024-09-10 12:23:16
Anchor Media ya'ato damaqa makonene senebete: wadabu yacharaqaa mahonu taragaagatha: &#39;&#39;wadabe yalame&#39;&#39; yasomaaleelaanedu mari : ya'abuna rufaa`eele wegezatenaa mereqaate,m0rDK20VBVg,129797,4419,0,472,0,PT1H19M45S,2024-01-26 15:07:07
Anchor nrre killi pooy Mentalism  Mentalism Trick,M_lz4GR00Vg,1970055,145950,0,227,0,PT59S,2024-10-08 11:33:42
Anchor nrre killi prrnn Card Trick  Mentalist Trick,zZOiWiQNqRo,42541,2752,0,13,0,PT59S,2024-10-13 07:08:20
Anchor Media pe/te saayaase 'afawareqi mene 'eyaalu nawe? kaasaa makefale yaaqaatawe ya'abeye 'ahemade 'agazaaze: yateyeyu yaweche gudaaye miniseteru zalafaa  machiwe gizee,e6FuVOppq3s,90566,2846,0,374,0,PT1H36M32S,2024-05-26 03:58:42
Transgender Chandramukhi Exclusive Full Interview | Anchor Shiva | Mana Media,HOAPZSAHRCE,161733,2705,0,235,0,PT1H3M12S,2024-07-04 05:30:05
Anchor Media ba'enawaari yatafatharawe menedene nawe?,7Y8r7M4u63g,112765,4882,0,220,0,PT8M55S,2024-08-21 15:13:13
Anchor News  ya'amaaraa kelele 'esere: ya'abaaye gedebe kefelathore  wada 'amaaraa kelele: wegiyaawoce tathanaakerawe 'eyatakaaheedu nawe: yacaayenaa baalahabetoce 'eyawathu nawe,SVFwwI8nV6c,137749,6460,0,406,0,PT17M37S,2024-09-30 20:27:11
Anchor Media 'ato gadu 'anedaaregaacawe ya'amaaraane hezebe tegele taqalaaqalu. &#39;&#39;'abeye 'ahemade dakaamaa: 'aqema bise: 'aramanee: baselethaane theme yaabada: kefu nawe&#39;&#39;,5SvrP5OsFWs,165190,7459,0,533,0,PT5M58S,2024-08-06 12:36:19
Anchor walediyaa takabaalace: me`eraabe gonedare wegiyaawe baretetwale: yateyopheyaa lemaate baaneke pereezedaanete lamene laqaqu? ya'adise 'ababaawe salefe: shenekurete kataanezaaniyaa,hvDdMst9ea4,96611,3631,0,277,0,PT1H32M23S,2024-09-06 21:07:01
Anchor Media 'abeye 'ahemade selamafaneqela manegesete selamene dagaagemo yaanasaale?,2vd9zNt5uls,111746,6220,0,534,0,PT18M38S,2024-07-25 13:39:18
Anchor media yateyopheyaa 'abeyote 50nyaa `aamate,wg_n3eri0BM,59421,2645,0,315,0,PT1H39M37S,2024-03-10 22:56:40
Anchor yateyopheyaa 1nyaa segaate 'abeye 'ahemade nawe. ya'adise 'ababaa hezebe &#39;'eyamathu nawe&#39; maalatune 'aqumo yetaagale&#39;&#39; 'ato ledatu 'ayaaleewe sela'adise 'ababaa yenaagaraale,8Ijv0FGaZ7c,194906,6639,0,1427,0,PT1H46M16S,2024-04-07 04:32:36
Anchor News Sep 28 yakaahenu gedeyaanaa yaliqaphaaphaasu melaashe: kaahenunenaa beetasabaacawene maane gadalaacawe? derone yaalebagarawe yafaano yadele gesegaasee: yawarequ nagare?!,-t-MPZqmXCc,85492,3975,0,335,0,PT29M6S,2024-09-28 06:04:31
Anchor media ya'adaamaawe yabeletsegenaa sebesabaa: faanonaa 'adisu `aamate: bategeraaye mafaneqela manegesete? 'obenage yathayaqawe maaberaariyaa: ya'aferikaawe qanede qawese,DcJ5WB4ihn8,77802,2847,0,201,0,PT1H29M44S,2024-09-13 22:28:21
Anchor Media faano ba'araatume ya'amaaraa maa`ezanaate: jee/le 'ababaawe taadasanaa yaderone theqaate: yategeraaye waqetaawi huneetaa: 'abeye yateyopheyaa beheeraawi yadahenenate segaate,7pgQNG0NYy0,85075,3254,0,298,0,PT1H11M8S,2024-09-21 04:01:16
15-year-old named TIME&#39;s 2024 Kid of the Year after new invention,0iV_SFq7pUQ,105840,9052,0,411,0,PT1M,2024-08-17 00:55:07
Anchor Media 'enekwaane 'adarasaacehu! 'abeye 'ahemade raasune 'enedakeresetose: yathagadeewe wegiyaa: waleqaayete ya'abeye 'ahemade selethaane fetsaamee wayese maathanaakariyaa?,UmXywmcHLNY,66181,2783,0,294,0,PT1H22M38S,2024-05-04 21:28:31
Anchor Media&#39;&#39;faano ba'achere gizee kafetanyaa wataadaraawi 'aqeme yaganabaa haayele honwale. kashemeqe tawaaginate wada madabanyaa saraawite 'eyataqayara nawe.&#39;&#39; shaalaqaa maamo lamaa,GU5a1QTO1LI,141557,4966,0,284,0,PT1H18M9S,2024-08-14 06:31:11
Anchor News yazeemaa wathaatoce 'eyataadanu nawe: yabile geetese faawenedeeshenenaa ya'abeye 'ahemade 'agazaaze fethechaa: hewahatenaa dagaalo: shemalese 'abedisaa 'enedahagare mari,QKnTJFBFcG8,132077,4809,0,320,0,PT30M35S,2024-05-07 12:00:07
aslu kth idi!| Anchor KavyaSri in RTV Studio | YCP Margani Bharath | #AnchorKavyaSri | Rtv Live,mb3cVNpaJjk,2478,14,0,0,0,PT26M4S,2024-10-14 12:10:27
Anchor Media ya'amaaraa faano walo `eze waqetaawi theri -  ka`ezu 'azaazhoce yatalaalafa,8JokY0cs8Bo,94994,4173,0,279,0,PT12M46S,2024-05-01 03:22:52
Anchor Media yamaanenate polatikaa menenate,cqkFRqN4CdE,20365,1356,0,82,0,PT1H39M38S,2024-04-26 21:41:05
Anchor Media &#39;&#39;yabeletsegenaa kaadereewocenaa 'amaraaroce meneme saayeshamaaqaqu 'ejaacawene lisathu yecelaalu. mulu gonedarene lamaqothaathare tazagaajetanaale&#39;&#39; yamaaraa faano bagonedare,hLedoIW01xI,126306,5049,0,202,0,PT13M31S,2024-08-24 14:34:16
Anchor Media yawalo faano 'anede hona: ya'adaanace 'abeebee damewaze: derime time wayese qezhataamu budene: yafaano tagaadelonaa 'adise 'ababaa: 'abeye 'ameerikaane limathaa nawe,dzfDM0v9icI,57646,2496,0,210,0,PT1H33M24S,2024-04-28 19:51:51
Anchor News Aug 5 'ayeqareewe yahezebe 'emebitanyenate: 'agazaazu sagetwale: za konomisete sela'abeye 'ahemade: ka'adise 'ababaa wechi salaame yalame: yafaano deloce,scAKkzrBtvE,190874,6706,0,559,0,PT34M6S,2024-08-05 08:06:11
Anchor Media yadarajanaa yamasaaye theri lafaano mariwoce: ya'amaaraa kelele waqetaawi huneetaa: yasalaaleewe yaqanebare polatikaa:yamaqaleewe gebegebe wada debedebe yaamaraa yehone?,NNMyxr1WoTA,164542,6041,0,565,0,PT1H23M48S,2024-08-23 12:14:11
Anchor media waleqaayete laaye yaanathaatharawe yahewahate 'akaaheedenaa yawaleqaayetoce melaashe - ka'ato caalaacawe 'abaaye gaare yatadaraga weyeyete,ZYfnt4-1bfc,54802,2212,0,300,0,PT58M12S,2024-05-19 12:14:41
Anchor Media yaqademo thore kafetanyaa makonene sela'abeye 'ahemade saraawite yenaagaraalu: 'abeye bathorenate bafetsume 'ashanaafi 'ayehoneme - shaalaqaa maamo lamaa,vDzea4li7Ac,67389,2774,0,230,0,PT1H26M42S,2024-06-12 18:57:56
Anchor Media ya'eereteraawe pereezedaanete saayaase 'afawareqi &#39;&#39;thaqelaaye haayelocenaa ya'abeye 'ahemade beregeede nehamadu,OotjS3z7Lnw,37431,1961,0,177,0,PT6M48S,2024-05-26 08:17:39
Anchor Media &#39;&#39;yatamaaraka wataadare yalaneme&#39;&#39; yabeletsegenaa saraawite 'azaazhoce: &#39;&#39;qayemaseqale 428 merekonyocene yeqabalane&#39;&#39; yafaano 'amaraaroce: leeloce zagabaawoce,r_9xzE2yWuE,142184,6595,0,441,0,PT26M37S,2024-09-01 14:20:04
Anchor Media yaraase dajane kefelathore tagaadelo,h13wrX9ma6A,92670,4596,0,192,0,PT17M22S,2024-03-19 10:09:27
Media 'rewriting' Kamala Harris's history,g6W5_oG72rE,317277,33497,0,1150,0,PT55S,2024-08-01 03:33:04
Anchor Special ba'amaaraa kelele yaqathalawe 'esere - ka30shihe balaaye sawoce taaserawaale,YEc1ImIUy5s,84647,4709,0,202,0,PT13M32S,2024-10-01 16:12:50
Chalaki Chanti Comments On Telugu Bigg Boss | Anchor Shiva Interviews | iDream Media,Nzpd1iBN8TQ,7515,86,0,5,0,PT9M52S,2024-10-14 14:41:52
yaaNkr kaavyshrii  pai daaddi .. | YCP Activist Attack On Anchor Kavya Sri  | RTV,9D1mOwl_qw8,7220,127,0,1,0,PT55S,2024-10-14 04:00:08
Anchor News yazeemaa wathaatoce 'eyataadanu nawe: yabile geetese faawenedeeshenenaa ya'abeye 'ahemade 'agazaaze fethechaa: hewahatenaa dagaalo: shemalese 'abedisaa 'enedahagare mari,QKnTJFBFcG8,132077,4809,0,320,0,PT30M35S,2024-05-07 12:00:07
Anchor Media heberataacene - raa`eye 'alebo manegesete hagare yaafaresaale - bagalataawe zalaqa,HOfxxqnsvAY,17925,1173,0,67,0,PT50M16S,2024-09-21 13:47:28
Anchor &#39;&#39; ya'eereteraa 'aveeyeeshene baalaselethaane wesaanee yahulatu hagaraate fethechaa magalachaa nawe. wada thorenate ligabu yecelaalu&#39;&#39; qaalayasuse baqala - ya'aveeyeeshene gaazeethanyaa,R7J40VAPNXs,45237,1762,0,347,0,PT47M11S,2024-07-25 03:31:30
Anchor Media &#39;&#39;seladeredere yamenaasebebate gizee 'ayedalame. bazihene gizee ka'abeye gone yamisalafe teyopheyaawi taarikaawi sehetate 'eyasaraa nawe&#39;&#39; shaalaqaa habetee waledee,uYKLQV7T2_E,129691,5452,0,380,0,PT14M34S,2024-06-03 04:29:54
Anchor media yateyopheyaa 'abeyote 50nyaa `aamate,wg_n3eri0BM,59421,2645,0,315,0,PT1H39M37S,2024-03-10 22:56:40
#sabare zeenaa maraajaa theqeme#//4/bagojaame#merekonyaa walediyaa takababaace# Anchor media baheredaare #ya'ayare theqaate netzune,9pBHVeJTBB4,256,12,0,2,0,PT1H23M26S,2024-10-15 07:52:55
Anchor Media 'ameerikaane hewehatene lamaadaane 'eyatarwarwathace nawe:yafaano deloce qathelawaale: yagebetse 'eneqeseqaasee bameseraaqe 'aferikaa: 'akeraari beheeretanyenate 'eyamota nawe,dC66XZnW22k,121845,4595,0,537,0,PT1H27M54S,2024-08-27 21:09:41
Anchor yafaanowoce gesegaasee maqathalu: ya'enajee/le 'ababaawe zegejete: ya'azeebe warequ mataasarenaa mafataate: 'adise 'ababaa sifarese teyopheyaa tefaresaalace: yategeraaye qawese,gaFgGi0Yoao,130357,5226,0,422,0,PT1H31M36S,2024-09-20 04:46:51
Anchor Media yafaano 'amaraaroce 'enekaasalaanetiyaa faanone 'ayematheneme: qerese 'eyaathafaa yaalawe yakoridare lemaate: mawadesa - 'adaanace 'abeebee: yahewahate 'afanaa baraayaa,vrsku7qc5-Y,137167,5377,0,723,0,PT1H18M8S,2024-07-19 22:49:36
Anchor Media yafaano tagaadelo ba'araatume 'aqethaachaawoce: ya'abeye saraawite ka'amaaraa kelele biwathaase? yategeraaye polatikaa wadeete yaamaraa yehone? yamogezite manegesete,tdsNZHetLjA,113800,4562,0,206,0,PT1H16M38S,2024-08-21 09:42:45
Anchor Media ya'abeye 'ahemadenaa yataqaawaami paaretiwoce qoyetaa,IloJP33rvpQ,66962,2799,0,203,0,PT14M40S,2024-07-23 02:15:09
Anchor Media badabube gonedare wegiyaawe tafaafemwale,HbEul7G4hjk,117408,6175,0,413,0,PT17M11S,2024-08-03 12:52:09
Anchor Media yalee/jee mahamade tasamaa disekurenaa yagojaame faano tagaadelo,Ra5s19n7CFY,166945,5802,0,347,0,PT20M1S,2024-05-05 05:06:38
Anchor Update hewahate naga thalamete 'egabaalahu 'eyaala nawe. beletsegenaanaa hewahate 'anede laaye 'eyasaru nawe,po6VOb3yx40,67276,3979,0,425,0,PT17M41S,2024-06-23 21:05:20
Anchor Media &#39;&#39;ya'abeye 'ahemade 'adisu zamacaa bapolatikenaa bamiliteeri mashanafune yamiyaaragaagethe 'eremejaawe nawe. nagaru 'aleqwaale.&#39;&#39; /re yeleqaale geetenate,XppmKRGPlr0,153623,5922,0,540,0,PT1H21M46S,2024-10-05 16:35:16
Anchor Special &#39;&#39;walediyaa takabaalace: sameene welo baqerebu kabeletsegenaa mawaaqere mulu bamulu natsaa yehonaale&#39;&#39; ya'amaaraa faano bawalo,9IqCA_AkC0Y,143286,5161,0,305,0,PT8M16S,2024-09-06 21:22:04
Anchor Media yamaanenate polatikaa menenate,cqkFRqN4CdE,20365,1356,0,82,0,PT1H39M38S,2024-04-26 21:41:05
Anchor Media ya'ato damaqa makonene senebete: wadabu yacharaqaa mahonu taragaagatha: &#39;&#39;wadabe yalame&#39;&#39; yasomaaleelaanedu mari : ya'abuna rufaa`eele wegezatenaa mereqaate,m0rDK20VBVg,129797,4419,0,472,0,PT1H19M45S,2024-01-26 15:07:07
Anchor Media &#39;&#39;baqerebu hulu nagare yesetakaakalaale&#39;&#39; ya'amaaraa faano bagonedare 'amaraare 'abaale,rvcNzuTEQNg,102503,4854,0,313,0,PT19M57S,2024-07-29 04:31:15
Anchor Media heberataacene - zaareeme mareete laaraashu - bagalataawe zalaqa,oMoLZkVq82c,12219,700,0,33,0,PT1H4M19S,2024-09-28 16:08:51
Anchor Media yadehera 'abeye tasefaawocenaa segaatoce - kape/re geetaacawe mataafariyaa gaare yatadaraga weyeyete,-fBh0QKX-nQ,40828,1574,0,100,0,PT1H14M55S,2024-08-31 00:43:51
Anchor Media yataagatute tamaariwocenaa ya'agazaazu magelachaa: yajeenaraalu theri: yamanegesete lesaanaate mashalame: yaraaswa 'arobaate yasawe taamaaselaalace: yakeeniyaa hezebe gulebate,1qfBFFPkHwg,77960,3682,0,264,0,PT1H5M57S,2024-07-12 04:13:23
Anchor Special 'adise 'ababaane maane yaadenaate? ba'oromiyaa beletsegenaa 'eyatasalaqathace yaalace katamaa,pGYIWT-Tcso,96113,4693,0,497,0,PT25M59S,2024-10-11 21:00:30
Transgender Chandramukhi Exclusive Full Interview | Anchor Shiva | Mana Media,HOAPZSAHRCE,161733,2705,0,235,0,PT1H3M12S,2024-07-04 05:30:05
Anchor yateyopheyaa 1nyaa segaate 'abeye 'ahemade nawe. ya'adise 'ababaa hezebe &#39;'eyamathu nawe&#39; maalatune 'aqumo yetaagale&#39;&#39; 'ato ledatu 'ayaaleewe sela'adise 'ababaa yenaagaraale,8Ijv0FGaZ7c,194906,6639,0,1427,0,PT1H46M16S,2024-04-07 04:32:36
Anchor nrre killi prrnn Card Trick  Mentalist Trick,zZOiWiQNqRo,42541,2752,0,13,0,PT59S,2024-10-13 07:08:20
Anchor Media yatasanaabatenawe 2016 'enaa yajamarenawe 2017  yawedeqatenaa yaweredate zamane: faanowoce ba'adisu `aamate bategele laaye: yatabaabaasawe yategeraaye qawese,5qkkY_GG108,93107,4024,0,338,0,PT1H23M38S,2024-09-11 23:51:46
Anchor AD lawalo hezebe degaafe yatazagaaja theri,KK8KiNOHodE,20352,1426,0,61,0,PT2M36S,2024-05-11 20:16:03
Who is Bilawal Bhutto bride? | Breaking News | Geo News,xqKRGkdAe2s,274046,4617,0,180,0,PT13S,2024-10-09 18:15:04
Anchor Media ba24 sa`aate wesethe bereshalaqo ka300 balaaye melemele wataadaroce thafu: babaaheredaare zuriyaa yatadaragu wegiyaawoce: sameene shawaa waqetaawi huneetaa,x6tb5PuyLJQ,156942,7497,0,607,0,PT41M52S,2024-06-05 08:06:55
Anchor Media &#39;&#39;yazare polatikaa saraawitune 'eyaadaakamawe nawe. kahewahate zamane yaalamamaare teleqe sehetate 'ahuneme babaasa huneetaa 'eyatadagama nawe&#39;&#39; shaalaqaa maamo lamaa,ZQHgbNYivsE,48235,1703,0,148,0,PT1H39M3S,2024-04-22 21:57:39
Anchor Media yaweche gudaaye magelachaa tekurate maaseqayashaa: yafaano delocenaa yawathaatu maqalaaqale: yategeraaye saraawite maasethaneqaqiyaa: yakashafawe komishene bajaremanu taqwaame,tl635ScCS9s,94673,3350,0,418,0,PT1H17M26S,2024-08-29 01:32:41
Anchor Media yaqwaarite tagaadelo: ya'ato benaalefe 'anedu`aalame wanedeme: ya'amaaraa faano baqathaaye,3QczvTXyud8,121828,5496,0,285,0,PT15M43S,2024-07-18 02:29:16
Anchor Media &#39;&#39;zeemaa beete honyee yahezebe demetse maasamaate 'alecaalekume. yalaqakuteme baziyaa mekeneyaate nawe&#39;&#39; 'ato 'ababa 'akaalu - yaqademo yazeemaa waanaa tsahafi,9M-zl33A6HM,52471,2295,0,154,0,PT22M56S,2024-09-04 12:13:03
Anchor Media sabare zeenaa: bawaleqaayete nagaroce 'eyataqayaayaru nawe. bamaanenyaaweme sa`aate 'adise nagare yekasataale.,qiTLb_LG834,135459,4375,0,809,0,PT56M4S,2024-03-18 01:12:51
Anchor Media polisiwe lateyopheyaa hezebe yamote 'awaaje nawe. yabalatha makaraa kafitu 'eyamathaa nawe.,93d-KMAHdjI,123868,3644,0,390,0,PT1H6M46S,2024-07-29 02:34:07
Anchor Media ya'abeye 'ahemade yabaaheredaare qoyetaa:ya'adaanace 'abeebee takela sebe`enaa genebaataa: yaderone theqaate bashawaa: yategeraaye wathaatoce kelelune laqawe 'eyawathu nawe,OxWcHQ1tJKM,77881,3157,0,263,0,PT1H30M47S,2024-05-13 21:05:57
Abchor News Mon Aug 26 faano katamocene 'eyaasetadaadara nawe: deronocenaa jeetoce wada godee lizaawaru nawe: somaaliyaa 'akereraalace: yamaqaleewe fethechaa: leenecho baati,lZ118zfgm5w,117184,5158,0,289,0,PT25M43S,2024-08-26 14:00:26
Anchor Media yafaano tegele katelaanete 'eseka zaaree - qathaayu 'aqethechaa mene lihone yecelaale? kado/re mesegaanaawe 'anedu`aalame gaare yatadaraga weyeyete,a2k7gbzSyfs,52324,2228,0,190,0,PT1H4M36S,2024-05-09 18:38:21
Anchor Breaking yafaano haayeloce wada baaheredaare 'eyagabu nawe. basosete 'aqethaachaawoce wegiyaa 'eyatadaraga nawe,inzWmB82syA,168904,7449,0,566,0,PT11M22S,2024-03-01 05:33:42
Anchor Media yaraase dajane kefelathore tagaadelo,h13wrX9ma6A,92670,4596,0,192,0,PT17M22S,2024-03-19 10:09:27
"Anchor Media &#39;&#39;yamakalaakayaa yadahenenate yapolise taqwaamaate 'azezhoce waanaawene seraacawe zarafaa, mamaagathe honwale. yakoneterobaanede negede nawe&#39;&#39; 'anedaaregaacawe tsegee",Kv_rrRc10Jw,151763,5037,0,495,0,PT1H20M32S,2024-03-08 16:15:36
Anchor Media yagonedare neqenaaqee tathanaakero 'eyatakaaheeda nawe: gonedare tanasetwale: yahulate 'abaatoce wage: ya'abuna luqaasenaa ya'abuna rufaa`eele 'abaatenate sinatsaatsare,wv5JcPCHB1g,106623,3904,0,372,0,PT1H13M50S,2024-05-19 00:25:12
aslu kth idi!| Anchor KavyaSri in RTV Studio | YCP Margani Bharath | #AnchorKavyaSri | Rtv Live,mb3cVNpaJjk,2478,14,0,0,0,PT26M4S,2024-10-14 12:10:27
Anchor Media &#39;&#39;bahulate bakasaru mariwoce yatadaraga sememenate meneme teregume yalaweme. 'abeye 'ahemade bezume 'ayeqoyeme&#39;&#39; pe/re mahamade hasane,mNZ4O92XIi8,66608,2254,0,374,0,PT1H9M43S,2024-01-16 22:17:27
Anchor News 'asecakwaaye 'awaaju hegawathe honwale: faano barekaataa delocene tagonaatsefwale: ka'abeye gaare deredere teyopheyaane makaade nawe  'eereteraaweyaane 'eyataasaru nawe,jAKItwGiVic,135445,6503,0,322,0,PT26M13S,2024-06-06 13:18:36
Anchor Media &#39;&#39;yakonomi maashaashaayaa polisiwe raasene baraase maathefaate maalate nawe. yahezebe 'amatse liqasaqase yecelaale&#39;&#39; do/re yonaase beru,eWOdJGqHnLM,80038,2718,0,321,0,PT1H17M17S,2024-08-01 04:09:12
Anchor News Update bagojaame jegaa katamaa 24 sawoce tarashanu. 11du yabaaneke maanaajarenaa saraatanyoce naacawe,8k60TIrGmU4,74417,4044,0,274,0,PT11M15S,2024-06-17 15:02:31
Anchor Media hezebaawi `emebitanyenate bakatamoce - 'ato ledatu 'ayaaleewenaa galataawe zalaqa yaadaragute weyeyete,NWTUsBahMpI,59663,2238,0,247,0,PT1H37M8S,2024-07-27 05:17:18
Anchor Media komaanedaru tataku: faano babarekaataa 'akabaabiwoce dele 'adaraga: &#39;&#39; guraagee kelele kamihone 'agawe bihone yeshaalaale&#39;&#39; 'abeye 'ahemade: ya'abeye ferehaate,buYfe-X9Vq4,79732,3172,0,381,0,PT1H22M29S,2024-07-24 01:02:51
Anchor Media masekarame 'abaraa mene 'eyaalace nawe? yagadu 'anedaaregaacawe tsatsatenaa yeqeretaa: ya'abeye 'ahemade qethefate: 80shihe dolaarenaa fi/maareshaale berehaanu julaa,dTKh9Uk-wlw,174898,5394,0,589,0,PT2H2M38S,2024-08-10 01:39:46
Anchor Media 'enee yamelawe kefele 19 'eyamathu nawe.....?!,zSsZZ48ZyDY,140092,8268,0,808,0,PT24M3S,2023-11-27 02:48:01
 Dr. Zakir Naik HfZh llh Attitude Vs Pashtun Girl ?  5_Events in Pakistan ?  Engr. Muhammad Ali,B4BOJJg0WJk,236128,10174,0,2661,0,PT2H11M2S,2024-10-14 08:19:20
Anchor Media polisiwe lateyopheyaa hezebe yamote 'awaaje nawe. yabalatha makaraa kafitu 'eyamathaa nawe.,93d-KMAHdjI,123868,3644,0,390,0,PT1H6M46S,2024-07-29 02:34:07
Anchor kafaano 'amaraaroce mene yethabaqaale? yacegenye polatikaa: yabeheere polatikaa hawaariyaawaa hewahate beetwa 'eyanadada nawe: yasomaaliyaa maasaasabiyaanaa yateyopheyaa melaashe,7vyquMUFvAM,80219,3110,0,172,0,PT1H25M31S,2024-08-24 14:28:31
Anchor Media yateyopheyaa szere`aata manegeszete kafeedaraalizeme marehowoce 'anetsaare kefele 4 - bagalataawe zalaqa,gzkMjBMMVdM,7226,538,0,20,0,PT37M19S,2024-06-01 14:34:18
Anchor dee ippo kryuN  Prank Gone Wrong,jMXJZvpuzk8,3098430,173477,0,620,0,PT58S,2023-03-19 08:55:17
Anchor Media ka'amaaraa faano bagonedare yatasatha magelachaa,2-khTLjnGpI,75580,4958,0,570,0,PT14M4S,2024-03-20 20:36:11
Anchor Media yabe/jee tafaraa maamo wesaaneenaa yafaano tagaadelo: yafenotasalaamenaa buree wegiyaawoce: thalamete mene 'eyahona nawe?,j3NlyPsmCFg,119692,4519,0,335,0,PT1H8M7S,2024-07-02 10:00:37
Anchor Media hezebaawi `emebitanyenate bakatamoce - 'ato ledatu 'ayaaleewenaa galataawe zalaqa yaadaragute weyeyete,NWTUsBahMpI,59663,2238,0,247,0,PT1H37M8S,2024-07-27 05:17:18
Anchor Media yadehera 'abeye tasefaawocenaa segaatoce - kape/re geetaacawe mataafariyaa gaare yatadaraga weyeyete,-fBh0QKX-nQ,40828,1574,0,100,0,PT1H14M55S,2024-08-31 00:43:51
Anchor Media yajagenaa sawe senebete - shaalaqaa webaaneta 'abaata,LxKj_J_kK3Y,110142,5184,0,805,0,PT8M38S,2024-03-20 06:21:24
Anchor Special yathise 'abaaye qaalekidaane,NII087poF1g,167231,7409,0,381,0,PT11M21S,2024-04-29 01:02:25
Anchor Media yateyopheyaa szere`aata manegeszete kafeedaraalizeme marehowoce 'anetsaare - bagalataawe zalaqa,6b5hxChkyXw,10368,669,0,22,0,PT32M37S,2024-05-25 03:16:37
Anchor Media yapereezedaanetwa yajegejigaa negegere &#39;&#39;'ebaakewotene selethaanewone yeleqaqunaa taarike yeseru&#39;&#39; : 'adise 'ababaa 'afasaawe tathanaakerwale: ya'amaaraa kelele huneetaa,rHLfEffFyv8,160205,5519,0,647,0,PT1H21M11S,2023-12-09 23:44:04
"sabare zeenaa  | Ethiopian news | Ethio 360 zaaree menaala | Ethiopian News September 25,2024",l1B9EvHy2Fs,17207,208,0,12,0,PT8M26S,2024-09-25 07:03:58
Anchor Media 'adise 'ababaa 'adagaa laaye naate: ya'oromiyaa beletsegenaa 'adise 'ababaa laaye mene 'asebwale? faanowoce dele qaneto'acawaale: 'adisu raqiqe 'awaajenaa mazazu,ICTKVs20K_w,67015,2550,0,205,0,PT1H16M18S,2024-05-18 04:52:41
Anchor Media kachalamaa wada deqedeqe chalamaa: yabeetakeresetiyaanitu fatanaa: dabube teyopheyaane kamahale lamaaqoraarathe: ya'amaaraa yameselanee 'asetadaadare lifarese yehone?,mqbbUX95yxQ,64094,2570,0,346,0,PT1H52M21S,2024-01-13 23:01:48
Anchor Guest &#39;&#39;la'ameerikaane 'emotelaataalahu kaalawe 'abeye 'ahemade balaaye baanedaa yalame&#39;&#39; 'anedaaregaacawe tsegee,0FBXHOy4GKc,163795,4673,0,757,0,PT1H54M48S,2024-02-15 23:00:16
Anchor Media yateyopheyaanaa yagebetse fethechaa wadeete yaamaraa yehone?,_g0so79pnPA,36983,1732,0,84,0,PT15M19S,2024-01-15 04:29:07
Anchor Media 'ameerikaane hewehatene lamaadaane 'eyatarwarwathace nawe:yafaano deloce qathelawaale: yagebetse 'eneqeseqaasee bameseraaqe 'aferikaa: 'akeraari beheeretanyenate 'eyamota nawe,dC66XZnW22k,121845,4595,0,537,0,PT1H27M54S,2024-08-27 21:09:41
Anchor Media komaanedaru tataku: faano babarekaataa 'akabaabiwoce dele 'adaraga: &#39;&#39; guraagee kelele kamihone 'agawe bihone yeshaalaale&#39;&#39; 'abeye 'ahemade: ya'abeye ferehaate,buYfe-X9Vq4,79732,3172,0,381,0,PT1H22M29S,2024-07-24 01:02:51
Anchor Media yafaano 'amaraaroce 'enekaasalaanetiyaa faanone 'ayematheneme: qerese 'eyaathafaa yaalawe yakoridare lemaate: mawadesa - 'adaanace 'abeebee: yah?Sabias esto de Google?. #viral #shorts #google,3U79a1hpkTw,4606091,343468,0,1275,0,PT41S,2024-01-29 23:46:44
CREEPIEST THINGS FOUND ON GOOGLE MAPS... | Ayush More,-g8kIQlc_TQ,46412,2325,0,293,0,PT19M6S,2024-10-14 13:47:03
3 JOGOS secretos do GOOGLE que provavelmente voce nao CONHECE!,Klo8LUWQ8bc,276627,10315,0,70,0,PT26S,2023-02-16 16:03:00
Pixel Tablet Review: Is Google Back?!,aTf7AMVOoDY,3015284,84377,0,4051,0,PT13M3S,2023-06-20 11:47:24
itonnuN Google  Search ceyyrut  #shorts,aNhlFBLExAU,2578256,172919,0,1274,0,PT38S,2023-03-22 12:42:07
Pixel 9 Pro XL:Huan Chai Zui Hou Yi Kuai Pin Tu |Bi De Sen ,yjL9OjfAVtY,99827,1679,0,677,0,PT10M40S,2024-08-29 11:01:07
Pixel PERFECT - Google Pixel 8a Unboxing &amp; First Impressions ,UYExiu84mDI,133219,6230,0,35,0,PT53S,2024-05-24 10:30:21
NOVA BATALHA! SIRI vs. GOOGLE HOME! QUEM GANHOU? [+10],QZu4Y6d5cLg,16557921,1037600,0,45886,0,PT16M39S,2020-11-19 13:00:13
5 JUEGOS GRATIS que estan OCULTOS en GOOGLE!  #shorts,hMARqRJHpTo,228914,8960,0,91,0,PT45S,2023-01-10 18:50:29
My Google Pixel 9 Pro XL Review,Pk5FwsZB7L0,589152,17957,0,1375,0,PT20M35S,2024-08-21 23:27:04
Google Assistant vs Apple Siri #shorts #youtubeshorts #tech #google #apple #siri #alexa,XJTx6akxMXs,14517918,782847,0,964,0,PT34S,2022-11-16 14:37:33
Google Pixel Watch 3 Review - ALMOST Everything,3wGPJaZ17aw,40829,1133,0,106,0,PT12M26S,2024-10-01 05:38:02
Google Pixel 9 Pro - 17 Killer Features YOU MUST KNOW!,FEXBnuwbnSE,123983,2587,0,224,0,PT16M37S,2024-08-26 12:43:49
Test Google TV Streamer 4K : la box TV qui ENTERRE le Chromecast vaut-elle le coup ?,86edggwSV8A,11259,440,0,43,0,PT7M34S,2024-10-10 16:00:13
"Polnyi obzor Pixel 9 -- kuda luchshe, chem iPhone 16",JJ4AZc9kgtk,497784,13508,0,1083,0,PT17M58S,2024-10-11 05:00:18
?QUIEN CANTA MEJOR SIRI VS. GOOGLE? #Shorts,-vxtroAJFlw,374017,14465,0,1716,0,PT36S,2022-11-04 18:39:51
 Google tricks  | kttaicivr paarungk #shorts,FUiIdTViX6o,1137062,75729,0,159,0,PT38S,2024-07-16 10:36:20
Trucos de Google  #shorts,9s_r6WsPaBo,13002683,885871,0,1452,0,PT29S,2021-11-02 23:14:18
Google Office Food Review  | Eating like a Google Employee  | So Saute #shorts,qxVYgsuwyQ4,6350988,369441,0,2344,0,PT37S,2022-10-11 11:00:26
What is Google Gemini and how to use it,oxPjLYDZYG4,62861,1074,0,23,0,PT32S,2024-07-12 00:00:23
How to Use Google Pay Step by Step Complete Details | G Pay Kaise Use Kare 2024 | Humsafar Tech,UwXzg3YShzA,992647,28595,0,426,0,PT12M35S,2022-04-22 04:35:00
"GOOGLE ADS para Iniciantes, Passo a Passo Completo 2024, Como Anunciar no Google Ads Atualizado",htjel0Me3Hk,175769,9882,0,3481,0,PT32M53S,2024-03-13 21:00:07
Ultimate Smart Assistant Showdown 2024! Alexa vs Siri vs Google,ZkuKvYQQjlg,748706,9305,0,557,0,PT9M33S,2023-03-15 16:15:24
"aih Google vs Siri kamhndengin 1,000,000 laanbaath!",mdKCcwaoI2o,483683,9359,0,638,0,PT28M55S,2024-06-16 03:00:26
?Sabias esto de GOOGLE? #viral #shortvideos #nosabias,mz-JTdDERWI,4463199,217664,0,950,0,PT34S,2024-02-13 00:48:19
"Mario Wonder, but It&#39;s Google Translated 100 Times...",DjC2T63D7gA,160815,9424,0,573,0,PT20M42S,2024-09-29 17:00:08
AS COISAS MAIS BIZARRAS FLAGRADAS PELO GOOGLE MAPS!,Na_nGB_E-tI,179553,2681,0,80,0,PT9M15S,2024-07-23 15:00:31
Google Pixel 9 Pro Fold - &quot;Real Review&quot;,JD5Xnbperto,126502,5449,0,1232,0,PT1H8M21S,2024-10-05 13:00:02
Can You Solve This Google Interview Question? | Puzzles for Software Engineers Part-7,iUGhLMxiCP0,156309,7786,0,272,0,PT1M,2024-09-26 12:50:24
20 Engste Google Maps Locaties!,14Huor8VYrs,566351,19098,0,1012,0,PT8M5S,2023-12-10 15:45:00
Google sings WAKA WAKA  | Google Translate  | Aju Jonn |  #worldcup2022qualification,gn2oy_9Sl0o,9808866,259064,0,7028,0,PT3M51S,2022-12-13 18:27:13
SAMMY DA TU GOOGLE &quot;BAN THAN MINH&quot; VA RA KET QUA RAT LA,lusbee2bX58,136426,3731,0,458,0,PT18M20S,2024-10-06 12:00:50
Cybersecurity for Beginners | Google Cybersecurity Certificate,_DVVNOGYtmU,4243155,23517,0,1013,0,PT1H14M33S,2023-05-04 13:52:26
Test Google Pixel 9 Pro XL - Meilleur qu&#39;un iPhone ?,1MZVU7l7f9Y,136327,4731,0,385,0,PT10M51S,2024-08-25 08:45:01
Pixel 9 Pro XL - kak on menia besit!,9El7tUJfAmM,147637,4784,0,359,0,PT1M,2024-09-04 05:30:03
SIRI VS GOOGLE FAZENDO SLIME | Luluca,JlnVAZ_SXbg,15501653,490310,0,0,0,PT17M50S,2018-11-16 20:02:06
Is Google Stock An Undervalued Buy After BAD News? | GOOGL Stock Analysis! |,bpQHtdx4HRY,9697,312,0,43,0,PT18M16S,2024-10-09 15:37:08
Google Pixel 9 Pro / Pro XL vs. 8 Pro - Which Should You Buy?,F0k4S0KK2lg,70172,1048,0,132,0,PT11M19S,2024-09-07 14:10:23
Google Pixel 9 Pro Review | Phone of the year!,qwImXE_hGPE,159867,5513,0,554,0,PT14M28S,2024-08-28 13:01:03
Yahoo! OR Google  #azarchannel #yahoo #google,1OdRbEK8nHM,8513,0,0,2,0,PT28S,2024-10-13 09:31:43
Using the Google Pixel in 2024 - Review!,6nelcelHAN4,139309,4677,0,358,0,PT14M27S,2024-08-14 18:21:54
you haven&#39;t set up purchase verification play store problem #playstore #setup #google,yLo5JYOycDs,144388,0,0,17,0,PT43S,2024-08-09 16:41:09
O Chromecast ACABOU. Ele deve parar de funcionar? O Google TV Streamer e o sucessor dele?,QSik8D1Teb8,117101,9099,0,542,0,PT13M30S,2024-09-01 15:00:19
MALAS NOTICIAS EN GOOGLE!!! DESASTRE O GRAN OPORTUNIDAD??!!!,60WuDE8jbEg,6357,534,0,52,0,PT16M48S,2024-10-07 22:37:38
gugl pr src kraagii !! GOOGLE PAR SEARCH KRAGI !! KB NAREDI NEW SONG !! RAJSTHANI NEW DJ SONG 2023,zpVO-v8g_RU,772391,8350,0,348,0,PT4M26S,2023-09-07 02:43:07
"Google Pixel 9 review: o MELHOR CELULAR ANDROID, so falta chegar no Brasil",mcYMtLYb51c,28487,2265,0,241,0,PT19M52S,2024-10-04 17:40:00
"NOTICIAS DEL MERCADO: Golpe antimonopolio a Google, Milton y los ""bonos catastrofe"", y el petroleo",_OBs_86cLLU,31619,1156,0,37,0,PT13M17S,2024-10-09 10:28:37
Google TV Streamer - co poszlo nie tak?,b3-a-vzXS2E,36005,1354,0,241,0,PT11M11S,2024-10-05 09:21:09
Coisas ASSUSTADORAS encontradas no Google Maps!,0EGG-p0iPew,873129,37301,0,947,0,PT17M16S,2024-09-28 13:44:35
"How Google, Microsoft And Amazon Are Raiding AI Startups For Talent",9jwXZhXi-TA,212689,3119,0,177,0,PT9M13S,2024-08-30 16:00:08
Veja como o Google pode te ajudar a encontrar os seus dados vazados na Deep web,Tgjt9TAf5qM,5541,819,0,3,0,PT1M,2024-10-13 10:00:33
Google Pixel 9a - First Look!,xSBfFXWf8e8,89711,249,0,45,0,PT5M57S,2024-10-10 14:00:53
CLEAR Winner: iPhone 16 vs Google Pixel 9!,XhjmUK2XFtc,57470,1524,0,250,0,PT9M48S,2024-10-09 16:08:02
Spezzatino Google,Ry3AwIQkKvo,29688,3478,0,125,0,PT1M,2024-10-09 09:20:39
VISITEI OS LUGARES ASSUSTADORES DO GOOGLE MAPS ( na vida real ),1hGCZodZsNM,830703,29233,0,3369,0,PT19M28S,2024-09-15 14:00:01
"Google Pixel 9 review: o MELHOR CELULAR ANDROID, so falta chegar no Brasil",mcYMtLYb51c,28487,2265,0,241,0,PT19M52S,2024-10-04 17:40:00
Probe Los 100 JUEGOS SECRETOS de GOOGLE ,MSNlblwDJbY,6193254,182139,0,11314,0,PT47M33S,2023-10-24 19:15:00
Using the Google Pixel in 2024 - Review!,6nelcelHAN4,139309,4677,0,358,0,PT14M27S,2024-08-14 18:21:54
A day in the life working at Google | Corey Jones,RS6XJcyJdF8,704751,14349,0,685,0,PT13M54S,2024-01-21 23:00:12
Asking GOOGLE &amp; AMAZON  Engineers how much money do they make? ,_Tus38nVRMc,427660,8465,0,266,0,PT15M42S,2023-10-21 07:45:01
Yahoo! OR Google  #azarchannel #yahoo #google,1OdRbEK8nHM,8513,0,0,2,0,PT28S,2024-10-13 09:31:43
Play store ki id kaise banaye || How to Create Google Play Store Account,YP_ogAlxHtM,6572141,49751,0,142Anchor Media yafilaadalefiyaa katamaa me/beete bateyopheyaa gudaaye laaye yaasetalaalafawe yawesaanee hasaabe,5rgENr-jBCI,28905,1282,0,73,0,PT40M57S,2024-05-15 00:03:18
Anchor Media &#39;&#39;ya'abeye 'ahemade konomi hulu keenyaa nawe&#39;&#39; pe/re tashoma 'ababa,P6xOlAXAdgA,42283,1452,0,73,0,PT56M19S,2024-03-14 01:26:22
Anchor media 'agazaazu 'adise 'ababaa laaye mene liyaadarege nawe? 'afanaanaa 'afasaawe tabaabeswale: yafaano yadele welowoce: baaheredaare: sela'adise 'ababaa yaasechaneqaale,2oAKXUvVPBw,103141,4286,0,352,0,PT1H11M52S,2024-04-26 23:15:11
raajeeNdr prsaad kuuturu peddkrmki vccin Anchor sum | Rajendra Prasad Daughter Pedda Karma | Suma,u8d87MKjUfM,1370183,28316,0,39,0,PT28S,2024-1CLEAR Winner: iPhone 16 vs Google Pixel 9!,XhjmUK2XFtc,57470,1524,0,250,0,PT9M48S,2024-10-09 16:08:02
Google Pixel 9a - First Look!,xSBfFXWf8e8,89711,249,0,45,0,PT5M57S,2024-10-10 14:00:53
Aaj Ki Taaza Khabar Live: Top 100 News Today | PM Modi | Israel-Iran War l Bahraich Violence,ts0YrKsf_YE,101220,652,0,0,0,P0D,2024-10-15 00:03:44
GOOGLE PIXEL 9 PRO XL Mi experiencia: Uno de los MEJORES ANDROID que he probado en mi vida ,uwidZncOhbs,57363,1764,0,208,0,PT16M44S,2024-09-22 17:00:42
Google Pixel 9 Two Weeks Later - Finally PERFECT!,s-lEWwzISkY,80368,1332,0,123,0,PT11M59S,2024-09-02 12:30:45
Cybersecurity for Beginners | Google Cybersecurity Certificate,_DVVNOGYtmU,4243155,23517,0,1013,0,PT1H14M33S,2023-05-04 13:52:26
Veja como o Google pode te ajudar a encontrar os seus dados vazados na Deep web,Tgjt9TAf5qM,5541,819,0,3,0,PT1M,2024-10-13 10:00:33
Grandioses Duo: Google Pixel 9 Pro &amp; 9 Pro XL Review (Deutsch) | SwagTab,Ft6ZiLlf2nk,98571,2568,0,583,0,PT17M32S,2024-08-31 09:00:12
SAMMY DA TU GOOGLE &quot;BAN THAN MINH&quot; VA RA KET QUA RAT LA,lusbee2bX58,136426,3731,0,458,0,PT18M20S,2024-10-06 12:00:50
Instant Free Redeem Code  Free Redeem Code App | Free Google Play Redeem Code Earning App,LFGh3hdZHmw,7429,525,0,278,0,PT21M58S,2024-10-14 05:02:50
Google Pixel 9 Pro XL Unboxing and Camera Test - Unboxing,6yhuPuftTWc,372447,5356,0,187,0,PT13M51S,2024-08-30 14:38:08
"You can also get a job in Google, just these qualifications are enough, Sundar Pichai prryunnu |N18G",EWDRecXaZ0o,2896,49,0,2,0,PT3M1S,2024-10-14 14:43:42
Google Pixel 9 review,fkzPG0k6rSk,134974,2074,0,246,0,PT9M35S,2024-08-28 16:58:29
Interesting google tricks &amp; magic tricks tamil,bkf_TtJ85yk,126573,4132,0,25,0,PT55S,2021-10-07 07:21:32
Google Pixel 9 &amp; Pixel 9 Pro XL is here !,_5Ae1MqtGAY,503138,17644,0,1006,0,PT13M59S,2024-08-24 15:59:16
Arretez d'utiliser Google Drive et iCloud,8cNPpLswdLY,479882,14610,0,1267,0,PT14M44S,2024-05-16 17:30:09
[(Dong Da Sheng Jian Zheng )] GooglenoRu She Shi Yan wogachideJie itemiru,vTyalZzGqus,9719616,80362,0,3341,0,PT10M8S,2018-12-21 11:23:12
Google Checkmarks,PCvmNVg0AGw,156397,10348,0,137,0,PT32S,2024-10-11 20:00:17
Pixel 9 VS iPhone 16 BATTLE | Google or Apple? It&#39;s not even CLOSE!,3rya2YgfDHs,32976,809,0,251,0,PT12M26S,2024-10-07 13:00:06
Google Pixel 9 &amp; 9 Pro XL Buying Guide: WHICH ONE?,iDDPAsDYi7k,98171,1869,0,417,0,PT16M31S,2024-08-26 14:26:29
"Viral Peta Bahrain di Google Maps Diserang, Wilayah Dinamai AFC Mafia hingga Rating Anjlok",p7MqYuNDW8o,123315,1601,0,633,0,PT2M32S,2024-10-14 01:25:57
Google&#39;s AI Robot Was Quickly Shut Down After Terrifying Discovery,ji1oi7yxoqQ,207078,1791,0,313,0,PT24M28S,2024-02-25 23:00:23
Google Pixel 9 vs Pixel 8: Which one to get?,3hzT9VvrTkc,74156,1195,0,161,0,PT6M5S,2024-09-04 09:20:34
Google Pixel 6a Unboxing Flipkart Sale 2022 Unit at Rs 27028 | Smartphone Deal,qOKo0fG9P9A,1180547,37059,0,148,0,PT59S,2022-09-25 07:33:35
CREEPIEST THINGS FOUND ON GOOGLE MAPS,_kIYtRpaSLI,3675015,57375,0,3026,0,PT16M24S,2023-03-14 08:00:13
"Bao Ke Meng Jian Dun ,Dan Suo You Wen Ben Can Zao GoogleFan Yi 100Ci ",57qEFKrbbtI,192933,5914,0,398,0,PT24M31S,2024-09-15 09:30:01
Google I/O 2024 Keynote: Search and infrastructure,rd25N5dwuCY,15499,186,0,14,0,PT17M17S,2024-05-16 19:03:08
ecch`wiyyaantaamtid! epidsthaanthiilab Google Map ehnphii!,4c5cLCEg2Vg,1065435,21935,0,870,0,PT17M50S,2023-02-21 09:00:03
Google office Tour India  #shorts #motivation,1OB47y0mFyA,1395922,70175,0,369,0,PT1M,2022-11-07 07:01:50
Google duo incoming call,HcRIJOmfmz8,348419,3966,0,103,0,PT42S,2023-06-15 11:58:07
The most Impossible to Reach places on Google Earth,rMbj8rOdKro,2292608,58756,0,2841,0,PT11M52S,2024-03-24 01:20:55
Google Sheets Tutorial for Beginners,TENAbUa-R-w,788514,14927,0,424,0,PT49M11S,2022-11-14 08:00:11
Diwali Shopping with Dadi | Google Shopping,-JYsRmvDwAg,5572,240,0,36,0,PT2M51S,2024-10-11 11:30:30
Assistant Gemini IA sur Android : Ce que Google ne vous dit pas,6WAjLfctknQ,37689,1572,0,146,0,PT16M34S,2024-10-05 07:00:07
Google Pixel Buds Pro 2: Die besten In-Ears fur Android?,gIeRWkiLVeY,4137,210,0,36,0,PT13M53S,2024-10-13 10:00:43
 Google &#39;innn&#39; liilaikll.. #shorts #google #googleads,SIfiFd7GoM8,4589412,324416,0,742,0,PT48S,2023-03-12 11:34:00
It's time to I/O,6HfJXnXCya0,226713,3564,0,216,0,PT29S,2024-04-30 17:00:19
O Jogo Obscuro Do Google...,uu9puILjuJ8,885892,16185,0,501,0,PT12M25S,2024-07-19 19:27:52
It's time to I/O,6HfJXnXCya0,226713,3564,0,216,0,PT29S,2024-04-30 17:00:19
Donde esta el navegador Google Chrome en Android TV y Smart tv?|ENCUENTRALO AQUI|2023-2024-2025-2026,WATaDxMcaG4,529136,3625,0,291,0,PT4M51S,2022-12-23 14:22:00
Google Pixel Fold Review: Maybe Next Year!,PhFwDJCEhBg,3305310,87629,0,4115,0,PT16M47S,2023-06-26 17:01:16
Cara Upload video UKIN PPG 2024 Ke google drive !! Tautan Link Upload 100% Berhasil !!,U0-xq3XivY4,17420,292,0,11,0,PT8M2S,2024-10-11 11:30:27
Joguei os Jogos SECRETOS Do Google,ls4udT4HK7Q,2169930,38069,0,1407,0,PT17M30S,2023-09-30 21:06:42
Google Maps deerkh sunstei gazruudad ochizh uzev,eSfebcFAwmo,1187303,38377,0,3031,0,PT10M17S,2023-09-11 13:33:26
"Google Pixel 9 Pro XL 2 Weeks Later, Worth It? (HONEST Review)",-_LMjrbuaM8,125981,2789,0,486,0,PT19M,2024-09-06 15:45:00
4 Fun Google Tricks  #Shorts #ManojSaru,U96iOeC7bg4,28265086,2637423,0,4606,0,PT1M,2022-02-22 13:07:19
TEST Google Pixel 9 &amp; 9 Pro : Presque parfaits !,UPcvmrbX9y0,145746,6448,0,366,0,PT19M4S,2024-09-04 17:15:02
Google Ko Home Screen Par Kaise Lagaye | Google Ko Screen Per Kaise Laen,9cNDquJkzSk,437771,4590,0,203,0,PT1M19S,2022-06-28 02:30:05
DUNG TIM KIEM CHU MINECRAFT TREN GOOGLE VAO LUC 3H SANG*JAYGRAY THU NGHIEM BI AN 15 NAM SINH NHAT MC,DNxJTpobH6I,467394,7214,0,765,0,PT19M38S,2024-05-26 09:00:12
Cara Mudah Membuat Akun Google Baru,g7Qo2HFHcVA,475041,2880,0,191,0,PT4M28S,2023-01-20 11:34:22
GOOGLE deerkh bukh nuuutsyg olov,_OaPMVQ1Vi8,34750,895,0,49,0,PT13M32S,2024-09-08 06:57:17
Hidden GOOGLE Features You Should Try,QkzFIWo6g_Y,4666414,358624,0,776,0,PT55S,2021-10-31 05:00:14
10 Trucos de Google que debes probar !YA!  #4,2L_w3cDxkTg,8772720,312557,0,79818,0,PT9M18S,2020-12-11 19:18:13
kyf ttkd n lmwq` llktrwny mwthwq??! #google #tqny@ #mwq`,RAxKKO10Ow4,22378,2850,0,54,0,PT27S,2024-10-12 09:40:16
Google Pixel 9 Pro XL Phone is here - My Experience?,FTsv671E6QI,609784,25042,0,864,0,PT10M57S,2024-08-23 15:43:22
5 Fun Google Tricks ,cmOTt4-UQiQ,3431877,186392,0,963,0,PT45S,2024-04-17 15:00:29
ecch`hmuubaantuktaaphii! sumsthaanthiilab Google Map,6nMXcUH2QgQ,2420717,106206,0,2680,0,PT16M15S,2022-04-09 03:30:01
Pruebo La Nueva Forma De Ganar Dinero Con Google,Rq7hkcQzxq4,434760,16725,0,347,0,PT17M24S,2024-08-15 16:00:25
Introducing a new way to search | Circle to Search,WdbeqSQjZI8,366334,5553,0,410,0,PT1M2S,2024-01-17 18:12:57
GOOGLE COPIA APPLE? Ecco il nuovo Pixel 9 Pro,iUYaYGxHjaY,241089,10895,0,461,0,PT12M31S,2024-08-26 16:23:35
Google razrabatyvaet II-detektor,jpvwGh9lrVY,8728,243,0,8,0,PT39S,2024-10-12 17:44:45
"Viral Peta Bahrain di Google Maps Diserang, Wilayah Dinamai AFC Mafia hingga Rating Anjlok",gFgl2_x9ymU,5523,93,0,14,0,PT58S,2024-10-14 01:27:32
 Como Descargar Google Chrome en Roku TV  2024,HJ9GMhsE28A,461948,1423,0,104,0,PT2M34S,2023-06-28 23:02:17
Google TV Streamer y sus FUNCIONES OCULTAS | Review a Fondo,6kaPJ9Iv5pg,29109,1215,0,127,0,PT13M36S,2024-10-06 17:00:04
Google Map asuN:punnny: (6) miu:,BfH_vpWN_4s,649729,29368,0,196,0,PT12M47S,2022-05-04 00:34:05
Vera leval google tricks ( part - 2 ) !?_#shorts #facts,PMaaBOHTfiM,420794,23532,0,532,0,PT42S,2024-09-18 13:00:31
NO DESCARGUES ESTE TIPO DE APLICACIONES DE LA GOOGLE PLAY STORE ,egqOZ_Z86ww,7680778,615026,0,2862,0,PT56S,2022-09-19 15:02:18
Google Pixel 9 Unboxing and Camera Test - ASMR,xjj-3hZmFpw,386444,4462,0,218,0,PT17M7S,2024-09-06 14:50:31
KHESARI LAL YADAV | guugl se puchs rjuu - Google Se Puchha Rajau | Zoya Khan | Bhojpuri Holi Song | SRK,Q90sVv4UQSA,19592558,300039,0,13128,0,PT4M11S,2022-02-01 01:00:10
"[(A Zhe )] Yin Wei GoogleEr Qiang Da ,Ye Yin Wei GoogleEr Gan Ga  - Google Pixel 9 / 9 Pro XL Shi Yong Xin De  [#415]",001a-D1ik-s,148084,2585,0,338,0,PT43M26S,2024-08-25 07:45:34
What's New in Google Accessibility | Episode 5,iezlAZwlaHg,23718,362,0,57,0,PT6M18S,2024-05-30 18:15:05
Cosas que NUNCA desearia encontrar en Google Maps | Jenny Devil,XPJZlcOdOtg,3471722,136293,0,2826,0,PT14M40S,2023-03-10 20:00:10
 Google tricks  | kttaicivr paarungk #shorts,FUiIdTViX6o,1137062,75729,0,159,0,PT38S,2024-07-16 10:36:20
Google Pixel 9 Pro Fold full review,yu7h9BWCLgs,32486,690,0,69,0,PT9M42S,2024-09-19 16:34:26
GOOGLE PIXEL khuzhe IPHONE,1Bk0d-n8awY,480865,23701,0,1799,0,PT13M17S,2024-09-16 15:45:00
Google Logo Bloopers,sT60ULo70oo,2807026,5184,0,1079,0,PT12M54S,2019-08-15 16:27:15
COMO INSTALAR PLAY STORE O GOOGLE PLAY EN SMAR TV CON ANDROID |MUY FACIL| |2020|,pOy2kzNlp34,3926899,17821,0,792,0,PT5M54S,2020-01-25 13:13:43
Google Pixel 9 Pro XL One Month Later: Almost Perfect...,jjymtzZrGw0,43685,821,0,131,0,PT10M13S,2024-09-16 12:30:41
Google ke kuch Amazing Tips &amp; Tricks || Googal Trick,a8cqgGDwtTs,1911495,54584,0,183,0,PT53S,2021-07-25 12:20:43
Javier in Frame | Google Pixel SB Commercial 2024,wYPTZIFQoDQ,50306000,4578,0,338,0,PT1M1S,2024-02-02 19:30:58
Liberando toneladas espaco no gmail #dicas #google #gmail,Nzb5KSwP_x0,326460,18661,0,157,0,PT59S,2023-04-21 10:00:15
cchadmaaaelw Pixel 9 Pro XL muue`thuue`cchaak Google khabekhluue`nthuk`yaangdwy AI chipecht rabb cchnkl`ngthaayphaaph,-q1PbQAXyzE,150210,2498,0,300,0,PT13M2S,2024-08-23 14:05:05
Probando la IA del Google Pixel 9 Pro XL,STiq358VS4Y,210669,10626,0,877,0,PT23M58S,2024-09-20 19:00:32
Google Pixel 9 Pro full review,bfuCOm7lKSo,85772,1552,0,204,0,PT9M5S,2024-09-20 07:03:42
2 JUEGOS ESCONDIDOS EN GOOGLE #Shorts,IiBUIaRferQ,452791,15475,0,85,0,PT43S,2022-05-06 19:44:51
prbndh Google  | khaan jemsr [ OFFICIAL MV ] qpqrsaadrbidhiipunnycuulchnaaMkhmaer,OnnSjdUcVG8,1889817,3257,0,181,0,PT5M,2024-03-31 00:00:12
GOOGLE deerkh nuuts togloomnuudyg turshiv.,CJ0YimEv6ds,103100,1639,0,54,0,PT20M26S,2024-08-21 11:09:42
Segredos que o Google esconde de voce,hQMeuO2QsXY,31179,1262,0,11,0,PT53S,2023-01-04 15:00:31
Epaixa KRUPhA Paikhnidia tes Google!,VyMu6ExfqlY,349691,16763,0,1421,0,PT28M31S,2024-08-20 10:58:07
"5 SOCIAL media incoming calls (what&#39;s,app/google meet/twinme/sky phone/zangi messenger,",zpYevLKajMo,2083363,5451,0,341,0,PT3M35S,2023-10-17 14:45:17
withiismakhr Google aebbngaay+ | sraangbaychii google 2024,Vjc6AiUJqmI,101936,892,0,38,0,PT6M39S,2024-03-19 13:00:33
qxgEOnvN4,30354,1845,0,154,0,PT1H37M29S,2024-07-13 02:19:00
Anchor Media yahewahate qawesenaa waleqaayete thagadee: yageetaacawe radaanaa yalee/jee tsaadeqaane segaate: yaperitoriyaawe sememenate lahewahate menu nawe?,ldFBu0zArfg,52579,2168,0,237,0,PT58M42S,2024-08-03 17:53:53
Anchor Media yapereezedaanetwa yajegejigaa negegere &#39;&#39;'ebaakewotene selethaanewone yeleqaqunaa taarike yeseru&#39;&#39; : 'adise 'ababaa 'afasaawe tathanaakerwale: ya'amaaraa kelele huneetaa,rHLfEffFyv8,160205,5519,0,647,0,PT1H21M11S,2023-12-09 23:44:04
Anchor Media yafaano tagaadelo bagojaamenaa bagonedare: phaaphaasaatu wada hagare beete 'enedaayeheedu takalakalu: 'ayare manegadu tabaabaari nawe: &#39;'abeye 'ayegalabatheme&#39;,MtEPuD87NOg,67627,2514,0,213,0,PT1H21M13S,2024-05-23 18:58:14
Anchor Media selahulume nagare tazagaajetanaale: baderone theqaate yamiqalabase tegele 'alejamareneme: gesegaasee'acene qathelwale - 'arebanyaa 'aserase maara daamethee,ur6r3mjy4JM,179750,6968,0,443,0,PT22M20S,2024-09-28 16:53:02
Anchor Media leyu zegejete - yagofaawe teraajeedinaa ya'abeye 'ahemade 'agazaaze melaashe,41HoV3m_XWw,28612,1138,0,120,0,PT55M13S,2024-07-27 06:57:51
Anchor Guest &#39;&#39;la'ameerikaane 'emotelaataalahu kaalawe 'abeye 'ahemade balaaye baanedaa yalame&#39;&#39; 'anedaaregaacawe tsegee,0FBXHOy4GKc,163795,4673,0,757,0,PT1H54M48S,2024-02-15 23:00:16
Anchor Media &#39;&#39;'ameerikaa ya'abeyene 'agazaaze baqaariyaa thefi nawe yamataacewe. laleeloce yateyopheyaa haayeloce yasathacewe botaa yapolisi lawethe nawe&#39;&#39;  yeleqaale geetenate,X1603Xj4apo,130638,5030,0,426,0,PT1H7M35S,2024-05-17 00:40:46
Anchor Media  yafeedaraale polise 'apelikeeshene zeegocene lamasalale yatazagaaja nawe: mekekerunaa thorenatu: 'anagaagaariwe 'awaaje: yaferede beete selethaane tanathaqa,hrYNqxUj2lw,63654,2468,0,166,0,PT1H20M54S,2024-05-31 03:31:07
Anchor special sanyo babaahere daare mene takasata?,UEVmWMt7v6c,130510,3999,0,127,0,PT7M40S,2024-04-23 01:14:27
Anchor Media &#39;&#39;kamenegizeeweme balaaye wada 'anedenatu 'eyamathaane nawe.&#39;&#39;,_rgexMhQ1HM,143668,6638,0,401,0,PT27M39S,2024-10-08 03:22:24
Anchor Media gaade kasomaaliyaa gone qoma: teyopheyaa 'eyatanathalace nawe: 'abeye 'ahemade bathebaache nawe: yajaawiwe tagaadelo: sanedaqu laaye thelaacaacawe lamenedene nawe?,axT8MwgkdBU,82899,2874,0,327,0,PT1H15M13S,2024-01-18 22:35:54
Sunken Anchor Media--Demo Reel and more,gSAwBW5CPIc,109,1,0,0,0,PT6M30S,2011-09-28 15:33:30
Anchor Media ka'amaaraa faano gonedare `eze yatasatha magelachaa,s443IIpDe48,101568,4482,0,472,0,PT12M12S,2024-04-20 19:08:42
Anchor nrre killi pooy Mentalism  Mentalism Trick,M_lz4GR00Vg,1970055,145950,0,227,0,PT59S,2024-10-08 11:33:42
Anchor Media yajagenaa sawe senebete - shaalaqaa webaaneta 'abaata,LxKj_J_kK3Y,110142,5184,0,805,0,PT8M38S,2024-03-20 06:21:24
Anchor Media ya'ameerikaane theri mene 'adise nagare 'alawe? beletsegenaanaa hewahate mene 'eyamakaru nawe? lapaarelaamaa yaqarabawe 'anagaagaariwe 'awaaje,AVBK6BDStS0,77136,2714,0,513,0,PT1H22M5S,2024-05-15 20:17:36
Anchor Media kaqeduse sinodosu gubaa`ee mene yethabaqaale/ kamalaa`eka thebabaate 'abaa gabere`eele(do/re) gaare yatadaraga qoyetaa,XJtHJdzY5mw,41858,1733,0,152,0,PT1H6M16S,2024-05-29 20:56:43
Anchor Media yateyopheyaa sere`aata manegesete kafeedaraalizeme marehowoce 'anetsaare - bagalataawe zalaqa kefele 3,ytclLXqBAig,16621,966,0,56,0,PT33M20S,2024-05-11 04:29:01
Indian Anchor meets Nawaz Sharif,VwTW5QMtLcw,3714,153,0,1,0,PT58S,2024-10-14 21:30:04
Anchor Media,ZgFc0hT6A_Y,69996,3325,0,301,0,PT1H7M19S,2024-07-15 17:52:21
Anchor Media ka'amaaraa faano bagonedare yatasatha magelachaa,2-khTLjnGpI,75580,4958,0,570,0,PT14M4S,2024-03-20 20:36:11
Anchor Media heberataacene - kape/re tashoma 'abababaa kado/re 'akeloge biraaraa gaare yatadaraga weyeyete,uynh0Mu8BBI,37431,1558,0,140,0,PT1H34M53S,2024-08-02 21:01:33
Anchor Media &#39;&#39;hezebu quthaa laaye nawe. bayatenyaaweme sa`aate taqaawemo linasaa yecelaale. ka'abeye gaare yamidaraadare faano yalame.&#39;&#39; do/re samaakxanye gaashu,6Iig_gMtBGo,68942,2829,0,378,0,PT1H18M49S,2024-08-02 11:18:16
Anchor dee ippo kryuN  Prank Gone Wrong,jMXJZvpuzk8,3098430,173477,0,620,0,PT58S,2023-03-19 08:55:17
Anchor media yabeletsegenaawe yamekekere komishene,hOyr5_rWMOk,34114,1552,0,53,0,PT7M10S,2024-06-06 02:51:10
Anchor Media 'anede dolaare 83 bere gabaa: yagenebaataa seraawoce 'eyaqomu nawe: suqoce babezaate 'eyataashagu nawe: 'abeye 'ahemade 'asethaneqeqwaale: hezebaawi `emebitanyenate,UiZ9LEbvgeQ,66672,2705,0,250,0,PT1H13M51S,2024-08-01 14:12:02
Anchor Media 'abeye 'ahemade 'ameerikaane limathaa nawe - theri yaadaragalate taqwaame laaye taqaawemo 'eyaqaraba nawe: badaalaase salefe tatharetwale,JiBmg6xmobo,87463,3302,0,327,0,PT47M32S,2024-05-01 03:58:23
Anchor Media kaqaaliti mene tafatherwale? shemalese 'abedisaa 'enedahagare mari: yasudaane 'amaatsinaa yahewahate fethechaa: zeemaa wathaate 'abaalaatocune 'eyaasaasara nawene?,w-2H0accic8,94632,3229,0,237,0,PT1H13M29S,2024-05-06 19:08:46
Anchor Media 'ato 'anedaaregaacawe lako/le biniyaame malese sathu: yamibalaawe yaathaa hezebe mariwene libalaa tazagaajetwale: deronocu menawe thafu? 'ato 'anedaaregaacawe selafaano,EzTzDm3nBAA,141391,4531,0,500,0,PT1H49M56S,2024-04-02 13:32:01
Anchor Special ya'ameerikaa - keeniyaa genenyunate mene yenageranaale? teyopheyaa bakeeniyaa tanathaqace,ASljeGWUeyk,77755,3837,0,443,0,PT17M6S,2024-05-26 23:16:32
Anchor Media yajagenaa sawe senebete: ya'abeye 'ahemade yakese dosee: beetakeresetiyaanitu laaye beretu 'adagaa 'eyamathaa nawe:,qVQysFdLbBc,68926,2910,0,414,0,PT1H10M31S,2024-03-20 03:59:41
Anchor Media ya'adise 'ababaawe sebesabaa: ya'amaaraa faano tagaadelo:ya'enejebaaraawe te`eyenete: yatabaabarute manegesetaate riporete: ya'oromiyaawe gedeyaa: yamanaafashaawocu gudaaye,sY3ph969B-U,46473,2297,0,119,0,PT1H23M46S,2024-06-20 04:02:47
Anchor News do/re dimaa nagawo kahagare 'enedaayewathu taagadu: filede maareshaalunaa reedewaane huseene yate naacawe: wada 'amolee chawe zamane: yabaaheredaare sa`aate 'elaafi,6D2_tPNYw5g,211450,7626,0,437,0,PT23M5S,2024-07-30 08:17:31
Anchor Special yamithabaqawe `ereqe shawaa laaye 'ewene hona. yafaano tegele maareshe qayaariwe `ereqe!,CteMVU0Zzts,165067,7903,0,822,0,PT12M16S,2024-06-09 04:52:08
Anchor Media faano babaaheredaarenaa goregoraa laaye theqaate fatsemaalahu 'ala: yanaqametu ya'abeye yazare maathefaate theri: hagare 'aferaashocene 'asaalefaacehu sethunye - 'abeye,wz7cWRKyJq4,75589,3012,0,428,0,PT57M36S,2024-05-10 18:08:51
Anchor News bahulate qanaate wesethe 30 'areso'adaroce tagadalu: ya'ato 'aragaa kabada wanedeme bafaanowoce tayaaza: 'abeye 'ahemade thalametene lahewahate liyaaserakebe nawe,l6Eq51x4BlM,148898,4992,0,428,0,PT31M9S,2024-06-29 07:34:28
Anchor Media,ZgFc0hT6A_Y,69996,3325,0,301,0,PT1H7M19S,2024-07-15 17:52:21
Anchor media yafaano tagaadelowoce qathelawaale: 13 miliyone teyopheyaawi 'athaadaafi megebe yefalegaale: yahewahate waqetaawi huneetaa,aipShsmk0V4,77926,3087,0,302,0,PT1H5M5S,2024-07-20 20:10:06
Anchor Media yaholiwede kanetibaa ba'abeye 'ahemade 'agazaaze laaye ya'ameerikaawe pereezedaanete maa`eqabe 'enedithelu yaqaraba yawesaanee sanade,ju7ag5VXBqE,62132,2494,0,134,0,PT35M5S,2024-02-16 17:05:46
Anchor media yabeetakeresetiyaanitu fatanaanaa ya'adise'ababaa `ethaa fanetaa,rDiHEAYMjb8,18,3,0,1,0,PT7M1S,2024-10-13 09:52:38
Anchor Media ya'adeete yasamonu wegiyaa - ya'abeye 'ahemade wataadaraawi 'azaazhe tagadelawaale,cC8Jz47aGo4,121635,5506,0,263,0,PT11M7S,2024-06-27 04:08:23
Anchor Media ya'ameerikaane theri mene 'adise nagare 'alawe? beletsegenaanaa hewahate mene 'eyamakaru nawe? lapaarelaamaa yaqarabawe 'anagaagaariwe 'awaaje,AVBK6BDStS0,77136,2714,0,513,0,PT1H22M5S,2024-05-15 20:17:36
Anchor Media yabatee 'uregeesaa gedeyaa meremaraa maqwaarathenaa 'ameerikaa: ya'abeye 'ahemade yawalagaa guzo: 'agazaazu damewaze makefale 'alecaalame: ya'adise 'ababaa maferase,ebp_oBv2vUE,68475,2438,0,247,0,PT1H1M7S,2024-05-09 00:59:41
HOW TO BECOME A NEWS ANCHOR IN INDIA (HINDI/ENGLISH) ALL DETAILS YOU NEED TO KNOW,jVxgZkbRKek,28261,962,0,134,0,PT9M5S,2021-06-03 06:36:11
Anchor Media yafaano tagaadelonaa kefetatocu: tegelu wadafite maraamade 'alabate: yahewahatene zamane naafaaqi gaazeethanyoce: kanetibaa 'abeye 'ahemadenaa yakoridare lemaate,eLVQXi5xiw8,61009,2265,0,480,0,PT1H16M13S,2024-06-28 19:08:56
Anchor Media kaqeduse sinodosu gubaa`ee mene yethabaqaale/ kamalaa`eka thebabaate 'abaa gabere`eele(do/re) gaare yatadaraga qoyetaa,XJtHJdzY5mw,41858,1733,0,152,0,PT1H6M16S,2024-05-29 20:56:43
Anchor Media badamanafese yatajamara yathelaacaa perojakete - 'adise 'ababaa,70RkBrAnz4Y,80494,3239,0,182,0,PT30M58S,2024-05-04 03:40:04
Anchor Media heberataacene - kape/re tashoma 'abababaa kado/re 'akeloge biraaraa gaare yatadaraga weyeyete,uynh0Mu8BBI,37431,1558,0,140,0,PT1H34M53S,2024-08-02 21:01:33
Anchor media yaweche gudaaye miniseteerenaa yamigereeshene yaleebenate sanesalate- badegaami yaqaraba,Ra4gDVVOS-g,34687,1668,0,90,0,PT16M55S,2023-11-10 15:34:02
Anchor Media yahamelee 5 zekere: wa/ro 'azeebe masefene maqalee lamene gabaace? yalee/jee taadasa warada magelachaa,jCo-PlcXQpw,84215,3158,0,441,0,PT54M3S,2024-07-14 01:43:33
Anchor Media &#39;&#39; yasinodosu magelachaa babeetamanegesete qunethechaa yatasatha nawe. gadaayene teto  mwacene yamaweqase yaahele yamiqothare nawe&#39;&#39; ma/re faanetaahune waaqee,810GvHCroyA,103156,3932,0,409,0,PT1H3M15S,2024-01-04 14:33:44
Anchor Media kaqaaliti mene tafatherwale? shemalese 'abedisaa 'enedahagare mari: yasudaane 'amaatsinaa yahewahate fethechaa: zeemaa wathaate 'abaalaatocune 'eyaasaasara nawene?,w-2H0accic8,94631,3229,0,237,0,PT1H13M29S,2024-05-06 19:08:46
Anchor zaaree babarekaataa ya'amaaraa kefeloce kafetanyaa wegiwoce 'eyatadaragu nawe: bamalaawe ya'amaaraa 'akabaabi maberaate thafetwale: ya'ameerikaane thanekaaraa 'aqwaame ya'ocaa riporete,WJBA8u0KSUc,103256,3660,0,221,0,PT1H20M45S,2024-03-05 18:28:42
Anchor Media yashawaawe taalaaqe tagaadelonaa yatamazagabawe dele,1RyPMXM0Q2o,78003,3890,0,167,0,PT11M24S,2024-01-15 02:15:32
Anchor Media yathise 'abaayu wegiyaa: ya'amaaraa hezebe tagaadelo basameene walonaa shawaa: ya'abeyenaa yahaayemaanote 'abaatocu sebesabaa: piyaasaa 'eyafarasace nawe,Obaa5ABq4vo,62443,2571,0,219,0,PT1H20M42S,2024-03-15 23:54:32
Anchor Media ya'amaaraa faano bagojaame samonenyaa yawegiyaa welo,EHGTh2kXeKo,112110,5565,0,308,0,PT14M27S,2024-07-21 16:46:49
Anchor Media &#39;&#39;yafaa'o shelemaate: yacharaqaa wadabu gudaaye: yateyopheyaa dipelomaasi seberaate: ya'ato damaqa makonene senebete&#39;&#39; yaqademo dipelomaate yenaagaraalu,qwix7KcRUC8,70947,2266,0,254,0,PT1H20M29S,2024-01-28 20:15:38
Chalaki Chanti Exclusive Emotional Interview With Anchor Shiva | Jabardasth | iDream Trending,nRDr1_32Dw8,311817,4455,0,420,0,PT27M20S,2024-10-13 12:10:02
Anchor Media 'anede dolaare 83 bere gabaa: yagenebaataa seraawoce 'eyaqomu nawe: suqoce babezaate 'eyataashagu nawe: 'abeye 'ahemade 'asethaneqeqwaale: hezebaawi `emebitanyenate,UiZ9LEbvgeQ,66672,2705,0,250,0,PT1H13M51S,2024-08-01 14:12:02
Anchor Media &#39;&#39;faano yagathamawene fatanaa lamashaagare mehuraane tasabesebawe yapolatikaa maanifeeseto maazagaajate 'alabaacawe&#39;&#39; do/re yonaase beru,Z2o4O5l_yGQ,79471,2875,0,410,0,PT1H20M51S,2024-07-22 06:43:51
Anchor Media yakomaanedare 'asagede mayaazenaa yafaano tegele: &#39;&#39;kaalaagazaacehunye hagare tefaresaalace&#39;&#39; 'abeye 'ahemade lataqaawaamiwoce: 'asedanegaachu riporete,3VUkak4bFks,132472,4567,0,479,0,PT1H1M49S,2024-07-22 21:16:36
Anchor News waleqaayetene ka'amaaraa lamanathale yatajamarawe seeraa: faanowoce selabaaheredaaru ya'abeye negegere: yafaano tagaadelowoce: yategeraaye wathaatoce makaraa  zewaaye hayeqe,BU91fFz-P94,107573,4577,0,308,0,PT36M48S,2024-05-14 19:29:47
Anchor News ya'amaaraa faano yawegiyaa zagabaawoce baalafute 3 qanaate,ZYjTDhi3z4w,149934,5713,0,343,0,PT40M43S,2024-06-19 07:21:26
Anchor media ya'amaaraa faano yawegiyaa welowoce,A2q3ZefEd8A,116350,5277,0,242,0,PT10M51S,2024-02-29 06:56:34
Anchor Media dagaa daamote qwaarite: me`eraabe gojaame 'asedanaaqi tagaadelo,2KnmvSyGsKI,48229,3373,0,210,0,PT10M17S,2023-12-21 17:47:24
Anchor Media  yahewahatoce gubaa`ee bamaqalee: ya'abeye 'ahemade qumaare bategeraaye,lxpmPvMn5C0,111621,4791,0,307,0,PT20M23S,2024-08-13 05:02:46
Anchor zaareeme selafaano 'amaraaroce: yadaberatsiyone samonenyaa magelachaa: 'abeye 'ahemadenaa saayaase 'afawareqi laferede yeqerabu: ya'abeye 'ahemade saraawite wada 'amaaraa kelele,DQE-3XiE8t4,78814,3177,0,315,0,PT1H4M54S,2024-07-19 01:13:12
Anchor Media ba'orotodokese beetakeresetiyaane laaye yatakafatawe theqaate: faano baqobo -faano bagojaame: bajatune chareso 'anedeme seraa yaalaathanaaqaqa miniseteere: wiliyaame ruto,dLN9s8WH9Zg,63028,2656,0,187,0,PT1H19M18S,2024-05-02 20:24:25
Anchor Media bagonedare sosete sawoce tagadalu: matamaa bafaano 'eje gabaace: ya'abeye 'ahemade 2nyaa zure koridare: ya'aferikaawe qanede fethechaanaa ya'abeye 'ahemade qumanaa,pKLlojRxVyE,76450,3066,0,178,0,PT1H28M51S,2024-09-03 00:10:36
Anchor Media kameseraaqe 'amaaraa faano 'amaraaroce yatasatha magelachaa,EwGafrjBRm0,166561,7658,0,629,0,PT40M43S,2024-02-03 18:39:50
Anchor Media baderone netsuhaane tagadalu: ya'amaaraa kelele yunivaresitiwoce: yanagawe ya'adaanace 'abeebee fatanaa: yategeraaye rahaabenaa yahewahate qawese: yaminiseterwa wachi,ENd5Y-dsne8,54628,2059,0,172,0,PT1H23M43S,2023-12-29 22:06:24
Anchor media telaanete yatamaraqawe fileme sela 'enaate medere wayese sela 'abeye 'ahemade: wathaatocu yatalaqaqute baganezabe deredere wayese ba'abeye saraawite 'opereeshene:,ZXs51UxGlkM,80798,3460,0,364,0,PT1H30M22S,2024-03-24 17:25:21
"paakistaanii eNkr FIZA KHAN kaa kaimraa pr aanaa hraam, ZAKIR NAIK ",9BGk2xuRPN8,283429,8145,0,1386,0,PT16M22S,2024-10-13 01:45:00
Anchor Media yateyopheyaa saatalaayete neetewareke saane tivi leyu zegejete,LeN1yvMzc7Y,73368,4979,0,834,0,PT1H16M25S,2024-02-07 20:49:01
Anchor Media ka'adise 'ababaa lamiwathu tashekarekaariwoce yatasatha maasethaneqaqiyaa: haweletu 'ayefareseme? yahaayemaanotoce gubaa`ee mene 'eyaala nawe?,ySeJR7zSDB4,98875,3466,0,342,0,PT1H13M54S,2024-01-05 05:00:11
Anchor ba'amaaraa kelele yatatharaawe 'ademaa: ba'abezaanyaawe 'akabaabi manegadoce zege honawaale: yahewahatoce wezegebe takaarwale: ya'amaaraa kelele daanyoce maahebare mene 'eyaala nawe?,uENpZ0FpgWI,76129,2719,0,234,0,PT1H25M35S,2024-08-20 00:20:51
Anchor Special ba'adise 'ababaa laaye yatazaragaawe mawaaqeraawi zarafaa - ko/re geetu 'araagaawe dabalaa,r31HNuofiPo,72997,3679,0,358,0,PT18M9S,2024-05-15 11:27:12
Anchor Media 'abeye 'ahemade 'ameerikaane limathaa nawe - theri yaadaragalate taqwaame laaye taqaawemo 'eyaqaraba nawe: badaalaase salefe tatharetwale,JiBmg6xmobo,87463,3302,0,327,0,PT47M32S,2024-05-01 03:58:23
Anchor Media ya'amaaraa kelele yabeletsegenaa yatsathetaa mawaaqere 'eyafarasa nawe,tfu7j9I_VYw,115724,6106,0,268,0,PT15M19S,2024-03-14 05:48:58
Anchor Media 'abeye 'ahemade 'ameerikaane limathaa nawe - theri yaadaragalate taqwaame laaye taqaawemo 'eyaqaraba nawe: badaalaase salefe tatharetwale,JiBmg6xmobo,87463,3302,0,327,0,PT47M32S,2024-05-01 03:58:23
Anchor Media ya'amaaraa kelele yabeletsegenaa yatsathetaa mawaaqere 'eyafarasa nawe,tfu7j9I_VYw,115724,6106,0,268,0,PT15M19S,2024-03-14 05:48:58
Anchor Media yafaano tagaadelo kasamonu,QGIea0Msd4o,99680,4506,0,216,0,PT17M50S,2024-02-08 06:12:27
Disputes Between Anchor Kavya Sri &amp; YCP Leader | SumanTV Annamayya Dist,TWLjy9yQ4TM,58631,1058,0,6,0,PT52S,2024-10-14 10:10:34
Anchor Media yafaano deloce: ya2biliyane dolaare sememenate tasaraza: yahewahate yeqeretaanaa yawararaa mukaraa: ya'abeye ya'ewere-denebere 'akaaheedenaa yateyopheyaa makaraa,JdQHoNzsSp4,109124,4271,0,286,0,PT1H6M14S,2024-06-12 22:09:42
Anchor Fano gojaamenaa gonedare mene 'ala?,a4NCpHPmDFE,101943,4917,0,258,0,PT12M7S,2024-05-24 05:04:17
Anchor Media ya'ato yohanese bwayaaleewe negegere ba'amaaraa kelele me/beete_ kasosete waraate bafite yaqaraba,esRNTqhRrhU,11514,899,0,67,0,PT37M28S,2023-11-11 00:31:12
Anchor Media babarekaataa yagojaame katamoce wegiyaa 'eyatadaraga nawe,SxJojG1sP8E,136251,5743,0,413,0,PT10M9S,2024-02-26 23:46:46
Anchor Fano gojaame bazihe samone......,42AyQPxBk1w,97205,4527,0,285,0,PT17M57S,2024-05-26 15:20:15
Anchor Media &#39;&#39;'ameerikaa ya'abeyene 'agazaaze baqaariyaa thefi nawe yamataacewe. laleeloce yateyopheyaa haayeloce yasathacewe botaa yapolisi lawethe nawe&#39;&#39;  yeleqaale geetenate,X1603Xj4apo,130638,5030,0,426,0,PT1H7M35S,2024-05-17 00:40:46
Gautham Krishna Exclusive Full Interview | Anchor Shiva | Bigg Boss 8 Telugu  | iDream Media,iSCDmBF7JoE,4101,50,0,13,0,PT28M7S,2024-10-11 05:45:06
Anchor Media somaaliyaa yamalasacewe yateyopheyaa 'aweropelaane: gaade 'athaabeqinye wesethe nawe: daraa yaderasule theri: bawetherate yataajabawe yathemeqate ba`aale,JwftQh1zIEY,69697,2588,0,251,0,PT1H20M7S,2024-01-17 17:25:24
Wall Anchor Bolt Fasteners Inner Mechanism #shorts,TYUcGdiX38g,17226263,184775,0,154,0,PT29S,2023-06-22 02:00:18
Anchor Media leyu zegejete - yagofaawe teraajeedinaa ya'abeye 'ahemade 'agazaaze melaashe,41HoV3m_XWw,28612,1138,0,120,0,PT55M13S,2024-07-27 06:57:51
Anchor Special ya'aweropaa heberate bateyopheyaaweyaane laaye yathaalawe yavizaa gadabe,Il6B6cpOELE,34123,1311,0,55,0,PT47M27S,2024-05-02 02:00:52
Anchor Media 'abeye tachamaari thore 'eyaasalathana nawe -faanowoce baya'aweda wegiyaawe dele qanetwacawaale: kasinegaapore mene tamaarene? yateyopheyaa qawesenaa yakoridare lemaate,AJPLVnbezK4,68673,2916,0,209,0,PT1H31M58S,2024-06-10 23:20:16
Anchor Media &#39;&#39;yateyopheyaa hezebe maatakore yaalabate yasere`aate lawethe laaye nawe. sere`aate silawathe hege yelawathaale. hulu nagare yelawathaale.&#39;&#39; pe/re tashoma 'ababa,dPKDg1oUkwU,49366,2031,0,177,0,PT1H17M33S,2024-06-19 02:06:47
Anchor ne kulllppttilaakki ttoovinoo  ciri attkkaanaavaate kiitti | Tovino &amp; Keerthy Suresh Interview,P3lYvQszndI,4395908,237174,0,511,0,PT57S,2022-06-13 06:49:34
Anchor Media kabeletsegenaa sebesabaa mene yethabaqaale: yagebetsenaa yateyopheyaa hulatanyaawe yafethechaa genebaare: dele yaraabawe 'agazaaze: ya'atsee haayelaselaasee manegade mereqaate,A7RQMeueRaU,66724,2540,0,197,0,PT1H34M18S,2024-01-22 20:01:33
eNkr kii sailrii kitnii hotii hai #anchor #journalist,YrNOYDkak7c,1417582,33019,0,627,0,PT59S,2022-09-13 17:03:31
Sweta Singh Ne Share Ki Dangerous Reporting Ke Kahaniya  | The Kapil Sharma Show | #TKSS #shorts,CUVM7LzXZP8,3426601,162202,0,1282,0,PT49S,2023-04-22 15:45:00
Anchor ya1teriliyane bere bajate: yawaradaa 'amaraaroce 'eyatagadalu nawe: gonedare manegade zagetwale: sawe barahaabe 'eyamota nawe: ya'asecakwaaye gizee 'awaaju nagare,rNHNhqIh94Y,59854,2081,0,140,0,PT1H29M3S,2024-06-07 20:52:26
subscribe for more.#seyfuonebs #abiyahmed #anchormedia #ethionimation #funnyvideo #habesha,toO8PMkqPsY,334,10,0,0,0,PT31S,2023-10-21 18:26:30
Anchor Fano yalaalibalaawe 'aweropelaane maarafiyaa leyu 'opereeshene,4nNOaue0RTc,140983,6161,0,485,0,PT21M17S,2024-05-22 05:09:11
Anchor Media yanagawe shumate: ya'ato tamasegane therunahe gatsetaa genebaataa: betsu`e 'abuna pheetherose niweyoreke daresawaale: beetakeresetiyaanitu mene maaderage 'alabaate?,vIPfKsdXNPs,51390,2145,0,249,0,PT1H19M35S,2024-02-07 19:06:32
Anchor &#39;&#39;kabaade 'adagaa 'anezhaabwale. beletsegenaanaa hewahate qathanaawene wadalayalate qawese likatute tazagaajetawaale. yawaleqaayete nagare yelayelataale&#39;&#39; 'ato caalaacawe 'abaaye,lHnhUeiJ24M,72370,2495,0,460,0,PT1H54S,2024-05-01 23:21:01
Anchor yapaarelaamaawe 'asecakwaaye sebesabaa: yado/re dimaa nagawo 'egadaa: yakonomiwe maashaashaayaa beseraate wayese maredo: hewahate layalate: yageetaacawenaa yadaberatsiyone fethechaa,CbG2bFkvddk,67710,2543,0,224,0,PT1H24M18S,2024-07-30 18:11:26
Anchor Media yahe'apaawe liqamanebare pe/re zenaabu 'abaraa sela 'ehudu ya'adise 'ababaa salefe yenaagaraalu,QFEzGc71-sw,32105,1404,0,102,0,PT11M45S,2023-12-07 03:09:12
Anchor News Fri May 31 yaketate zamacaa wada 'amaaraa: bashawaanaa gonedare yataganyu deloce: ya1biliyone dolaare kaasaa tafaradabate: ya'aweropaa heberate shelemaate,btdwGmiquik,174146,7575,0,548,0,PT27M,2024-05-31 16:09:22
Anchor Media yamakalaakayaa kaamepoce laaye bafaano theqaatoce tafatsamu: tamasegane therunahe - ya'abeye teroye farase: ya'afaarenaa somaalee dame 'afaasaashe thorenate,ClFQTaHgIxk,96795,4010,0,307,0,PT1H17M33S,2024-06-14 23:41:16
Siva Balaji &amp; Madhumitha Funny Chit Chat With Anchor Swapna | Dasara Special Interview | iDream,jq6D7drEovg,13772,110,0,4,0,PT50M29S,2024-10-12 10:30:06
Anchor Suma &amp; Rajeev Kanakala Emotional Visuals Rajendra Parsad House | SSP Media,dYuQPyHJw_w,2121,416,0,0,0,PT30S,2024-10-15 08:11:18
Anchor Media yatsathetaawe me/beete 'asecakwaaye sebesabaa: yafaa'owe shelemaate: yafaano tagaadelo: ba'adise 'ababaa yamanegesete saraatanyoce fatanaa wetheete,ovrkaWg1G24,76108,2550,0,204,0,PT52M27S,2024-01-29 20:33:02
Anchor Media 'enee yamelawe    ! kefele 12 yeheci naate chawaataa!,SkkZ1g6Ichk,114,6,0,0,0,PT25M17S,2023-07-06 22:23:08
Anchor Special ya'amaaraa kelelu meselanee 'asetadaadare magelachaa mene yelaale?,kolwrYAwkFI,81420,3682,0,280,0,PT16M15S,2024-04-18 11:30:59
Anchor faanone basheberetanyenate lamafaraje: wada 'amaaraa kelele yamigorefawe yabeletsegenaa saraawite: lakelele haayeloce kafaano yaqaraba theri: mekekerunaa ya'abale kefeyaawe,AZcSLakPwPY,66414,2713,0,273,0,PT58M11S,2024-06-01 00:02:31
Anchor Media bamalaa gojaame wegiyaawoce 'eyatadaragu nawe: natsaa yawathu katamoce 'alu: ya'adaanace 'abeebee disekure: yaberehaanu nagaa nagare: bamaqalee hulate sebesabaawoce,qq8YH6FaZkw,138578,5261,0,439,0,PT1H23M29S,2024-08-16 05:15:16
Anchor Media yasameene gonedaru wegiyaa: ya'abeye 'ahemade baalaselethaanaate yafaanone tegele lamaakosase mene 'eyaalu nawe? yawaleqaayetenaa raayaa gudaaye,teeLh0Rrh38,51271,2630,0,171,0,PT1H50S,2023-11-16 02:25:27
Anchor Media ya'ato taayee daneda'a senebetenaa yabeletsegenaawe manedare: mene 'enedametaa 'alawe?,wpe9gK_I6xU,72007,2673,0,170,0,PT51M41S,2023-12-12 03:20:42
Anchor bamalaa gojaame yafaano te`ezaaze tagebaaraawi nwale: 'abeye 'ahemade 'adise melemele wataadaroce wada 'amaaraa kelele 'eyaasegabaa nawe: 'agazaazu kaasaa makefale 'alecaalame,wqVDKkqiAA8,62473,2507,0,201,0,PT1H17M44S,2024-05-27 21:06:36
Anchor Media ya'oromiyaa beletsegenaa yatharaawe salefe: 'abeye yasaabawe yawaleqaayetenaa raayaa kaarede: ya'adaanace 'abeebee &#39;doro maanaqiyaa&#39;: 'abeyenaa 'agaare paaretiwocu,wXzusJQST6Q,89041,3355,0,330,0,PT1H22M54S,2024-04-01 18:29:38
Anchor Media ya'ameerikaanu 'amebaasaadare theri: faano wada 'anedenate: ya'abeye 'ahemade yapaarelaamaa welo: yaberehaanu nagaa yaqulequlate guzo: zeemaanaa maahebaraawi fetehe,IVOPIG9mkMM,127683,5295,0,479,0,PT1H17M55S,2024-07-08 17:59:26
Anchor News Sep 25 ya'abeye 'ahemade 'agazaaze yakafatawe 'adise theqaate: ya'amaaraa faano deloce baya'aqethaachaawe: ya'adise 'ababaawe 'afasaanaa yareecaa ba`aale,aEpyx8qtvk4,189053,7636,0,466,0,PT26M48S,2024-09-25 11:05:16
Anchor Media yasomaaleelaanede gudaayenaa ba'aferikaa lemaate baaneke laaye yatafatsamawe manegesetaawi yamaafiyaa tagebaare bado/re yonaase beru 'eyetaa,MUKXahPuMrU,60735,1908,0,203,0,PT1H25M31S,2024-01-02 07:46:29
"Beraham Aulad Ne LAWARIS Chordti Apne Baap Ki Lash, 80 Sala Mohammad Ali Ki Mout Ke Baad | Saidabad",ZWLF4akcLrI,43736,1617,0,15,0,PT43S,2024-10-11 17:30:04
Anchor Special bagazaa wareewe yasakara mari,LM1ShU4PQQQ,118129,7006,0,513,0,PT19M31S,2024-08-20 05:55:09
Anchor Media baqaa! hulume yaalawene yezo yenasaa. gizee yalaneme.,SiFTnH5lEPE,225410,8725,0,674,0,PT23M21S,2024-10-01 08:51:01
Anchor Media &#39;&#39;ya'amaaraa hezebe yalame yamile yatanaagarekute yatsaafekute kaala bamaaserajaa yeqerabe. ya'abeye manegesete liganaze raaqutune qaretwale.&#39;&#39; 'anedaaregaacawe tsegee,CNhAjThp9Lw,93095,4592,0,447,0,PT1H46M16S,2023-11-10 18:57:26
Siva Balaji Madhumitha Exclusive Interview With Anchor Swapna | Manchu Vishnu | iDream Trending,pKFgLzdzzQ4,10666,63,0,3,0,PT28M30S,2024-10-13 10:14:22
Anchor Media  yafeedaraale polise 'apelikeeshene zeegocene lamasalale yatazagaaja nawe: mekekerunaa thorenatu: 'anagaagaariwe 'awaaje: yaferede beete selethaane tanathaqa,hrYNqxUj2lw,63654,2468,0,166,0,PT1H20M54S,2024-05-31 03:31:07
Anchor Media ya'ato shemalese 'abedisaa negegerenaa ya'adise 'ababaa maferase,UsaBKIbfjg0,108579,3970,0,325,0,PT26M25S,2024-03-25 21:09:26
Qualities Of A Good Anchor - Media Opportunities | Aroosa Khan | Hassan Raza,ENOjxrLcbc4,2235,63,0,0,0,PT16M57S,2023-01-07 16:00:09
Anchor media &quot;ya'adaanace yafeesebuke gatze yaaletakatalu sekwaare takalakalu  -  'enashemelese 'abedisaa 'adise'ababaane yamiyaafaresubate misethire&#39;&#39; gaazeethanyaa balatha kaasaa,1mzYYnY69bk,72424,3172,0,225,0,PT1H3M17S,2024-03-26 08:17:26
Anchor Media yagelobaale 'aliyaanese waqetaawi theri,Wsu2n7GioXA,13713,707,0,47,0,PT27M39S,2024-09-05 00:30:29
Anchor Media ya'amaaraa hezebe tagaadelo:,bPVuSoIp_yc,98867,4259,0,225,0,PT14M33S,2023-12-20 06:33:03
Chalaki Chanti About Jabardasth Actors | Chalaki Chanti Interview | Anchor Shiva | iDream Media,f7YiivcnR7M,535,2,0,0,0,PT10M54S,2024-10-15 02:30:22
Anchor Media &#39;&#39;ya'abeye 'ahemade saraawite daageme 'enedaayemathaa 'aderegane 'eyadamasasenawe nawe&#39;&#39; 'arebanyaa yohaanese negusu,ov2XkGxh7kc,162774,6421,0,323,0,PT14M26S,2024-10-09 04:29:28
 Anchor ko dekh ke hila lete hai  | Pak Media latest on Zakir and India,0JZn8yMESCE,45571,416,0,253,0,PT16M34S,2024-10-13 18:31:45
Anchor maqalee kabaade wetherate 'ala: yahewahate gubaa`ee bikaaheede 'abeye 'ahemade thorune yaazamete yehone? yafaano deloce tathanaakerawe qathelawaale: 'aleshabaabe bateyopheyaa,wQy9GPkAWGQ,77081,2819,0,306,0,PT1H15M58S,2024-08-12 18:55:41
Anchor News ya'abene salaayocenaa thaqwaamiwoce: yawachaalee wegiyaa: maraawi daageme `eleqite 'asegetwale: ya'amaaraa faano `eze baqerebu yefaa yehonaale: yadaalaasu salefe theri,EMoZVACE0ik,198894,7099,0,538,0,PT32M33S,2024-05-03 15:10:11
Anchor kadame 'afesaashe sere'ate gaare tebebere - tathayaaqinatenaa 'enaberehaanu nagaa  - yame`eraabaaweyaane neqate la'abeye 'ahemade,l4gJZqsdjig,231295,5938,0,1130,0,PT1H34M59S,2024-06-29 03:39:07
shyaaml! iNtmNdi ammaayilku anyaayN jriginppuddu ekkdd pddukunnaav.. SEEMARAJA | Anchor Shyamala,dyP9RGsHU1A,142960,7089,0,601,0,PT7M5S,2024-10-10 06:21:44
Anchor Media yatamade yasabe`aawi mabete me/beete ba'amaaraa gudaaye leyu riporete qarabalate: ya'abeye 'ahemade nuzaazee &#39;&#39;ka'enee balaaye la'oretodokese&#39;&#39;,3uTW3AHFZ14,73077,2825,0,374,0,PT1H17M33S,2024-02-21 03:08:44
Anchor &#39;&#39;thalaatene madamesase becaa saayehone chareso maqebare yamicele tewelede fatheranaalenaa tegelu maceeme 'ayeqomeme&#39;&#39;shaalaqaa habetee waledee ya'amaaraa faano gonedare `eze 'azaazhe,1a8BMsfIR00,171816,7600,0,455,0,PT15M38S,2024-10-10 17:14:31
Anchor Media yapereezedaanetwa senebetenaa 'amebaasadare taayee: yategeraaye mafaneqela manegesete: ba'amaaraa kelele yaqathalawe yaderone theqaatenaa yafaano haayeloce gesegaasee,XiR-73GPFdY,100296,3783,0,356,0,PT1H46M18S,2024-10-08 01:27:41
Anchor Kavya Sri Shocking Comments | aNt pogreNduku.. | Ex MP Margani Bharat | Merupu TV,nY2QiKJc0Mw,1577,12,0,2,0,PT17M42S,2024-10-14 10:51:27
Anchor Media &#39;&#39;thefaatanyocu ka'abeye malesenaa mafetehee 'enaaganyaalane belawe dajaafu derase yaheedute 'abaatocu naacawe&#39;&#39; mamehere newaaye kaasaahune,F4rP8zBcEXs,115503,4199,0,415,0,PT56M39S,2024-03-15 04:11:47
Anchor Media yawaleqaayetoce magelachaa: 'abeye yaraayaawene bawaleqaayete yedagemawe yehone? yaqasise balaaye 6miliyone dolaare gudaaye: ya'adaanacenaa ya'amebaasaadaru tiwetare,p56WFNPBwiM,60885,2071,0,204,0,PT1H17M13S,2024-04-19 01:39:31
Anchor Media &#39;&#39;kamenegizeeweme balaaye wada 'anedenatu 'eyamathaane nawe.&#39;&#39;,_rgexMhQ1HM,143668,6638,0,401,0,PT27M39S,2024-10-08 03:22:24
Anchor Media bagonedarenaa shawaa samonune yatadaragu wegiyaawoce,rGTER5HE9ps,67462,4339,0,217,0,PT13M33S,2024-08-02 14:29:47
Anchor Media ya6`aamatu yachalamaa guzo sitaawase: ya'abeye saraawite kasalaame maasekabare zamacaa 'eneditaagade tathayaqa: yahagare feqere tiyaatere beete 'eyafarasa nawe,1ixmsFKK6rQ,55842,2191,0,138,0,PT1H21M49S,2024-04-05 02:55:06
Anchor media ka'abeye 'ahemade 'agazaaze 'enedeete 'enegalaagale? mene madarage 'alabate?,RYCMiDpquVU,61246,2734,0,201,0,PT1H22M39S,2024-03-27 23:35:21
Anchor Media &#39;&#39; baqi qawese 'asetanaagedanaale. baqi makaraa 'ayetanaale. 'ahune mahone yaalabate 'enedeete kazihe qawesenaa makaraa 'enewethaa? yamilawe nawe&#39;&#39; di yoseefe,8HoB8XVjIOM,54691,2306,0,194,0,PT1H4M57S,2024-03-29 10:43:57
Anchor Media &#39;&#39;ya'alaamaathaawe thorenate ya'abeye 'ahemade nawe. 'abeyeme hona hewahate 'anedaace nagare yamiyaatarefubate thorenate 'ayedalame.&#39;&#39; do/re yonaase beru,qqsU9g-V5BE,90049,2676,0,467,0,PT1H21M20S,2024-04-16 04:37:37
Anchor Media ya'alame bare kaamepe taqaathala: laalibalaa bafaano takabaalace: 'amaaraa kelelene wada 'araate keleloce mashaneshane? ya'oromiyaa mepaayare meserataa 'eneqeseqaaseewoce,qM07Wx3iTC4,100786,4079,0,349,0,PT1H39S,2023-11-23 20:23:05
Anchor update bakeeniyaa yahezebe taqaawemo 'ashanafa: pereezedaanetu yataakese sanadune sarazute,mMQEi0uoy4U,44321,2504,0,316,0,PT7M56S,2024-06-26 15:22:46
Anchor Media yasamonu 'aweda wegiyaa marajaawoce,tz99QhowPiU,79007,3419,0,144,0,PT21M49S,2024-01-04 05:49:34
Seema Raja Strong Counter To Anchor Shyamala For Commenting On TDP Leaders| Cloud Media,0OJc5Xusc0Q,35675,334,0,167,0,PT12M5S,2024-10-09 07:56:46
Anchor Media yataayee daneda'a senebete &#39;&#39; basawe dame yamichaawatu 'aramanee..&#39;&#39; : ya'amaaraawe tagaadelo: yaderonu theqaate qathelwale: harariwoce bamasaleqathe 'adagaa,HxmkZbcHEKo,87179,3967,0,400,0,PT1H24M5S,2023-12-11 17:57:14
Anchor Media yaqayu kaabaanaa yamawadesa zemaareewe gudaaye - ya'abeye 'ahemade yatsara 'oretodokese zamacaa 'akaale,tSmt2ZZhya8,57973,2104,0,330,0,PT1H6M40S,2024-02-20 05:01:34
Anchor Media 2 yasamako riporetenaa ya'amaaraa kelele waqetaawi huneetaa,zea0uBn7dzY,6603,134,0,8,0,PT6M40S,2023-05-15 01:34:32
sabare zeenaa faano waledeyaa laaye taarike saraa | da/taabore;dagaadaamote kabaade wegiyaa | 'amaraarocu katamaawene laqawe thafu |ethio 360 |anchor media,uxcFFRhiqeI,2940,108,0,5,0,PT8M41S,2024-10-14 20:06:29
Anchor News Jun 13 yabeetamanegesetu misethiraawi sebesabaa: yafaano deloce bagojaamenaa gonedare: yakashafawe yahewahate theqaate bathalamete: geetaacawe radaanaa 'abeye 'ahemade,K_dtgh3-G2w,200020,7733,0,488,0,PT30M23S,2024-06-13 15:51:22
Anchor Media selahulume nagare tazagaajetanaale: baderone theqaate yamiqalabase tegele 'alejamareneme: gesegaasee'acene qathelwale - 'arebanyaa 'aserase maara daamethee,ur6r3mjy4JM,179760,6968,0,443,0,PT22M20S,2024-09-28 16:53:02
ANCHOR SUMA  &amp; RAJEEV KANAKALA EATING FOOD AT RAJENDRA PRASAD DAUGHTER PEDDA MARMA,2at3LgCu14Q,638426,13580,0,27,0,PT37S,2024-10-14 12:54:28
Anchor Media kafaano manedare samonune,iFRpCmjov2U,74466,3651,0,123,0,PT10M32S,2024-04-08 12:20:58
yaberehanunaa ya'anedaaregaacawe yaqademo gwaadite 'asedanegaache nuzaazee|yaaletasamu nawerocenaa yakehedate taarikoce|Birhanu Nega|Andargachew tsige|Ginbot7|Et,_bbhLAOUKkc,24113,877,0,197,0,PT25M22S,2024-06-12 20:02:29
Anchor Media yaburee daamote beregeede tagaadelo &#39;&#39;ya'agazaazu saraawite 'eyafalasa nawe&#39;&#39;,WDAE_2wpxCY,83516,3763,0,209,0,PT11M52S,2024-01-15 11:19:19
Anchor Media ya'amaaraa kelele waqetaawi huneetaa- yamilishiyaa hayele kelelune labeletsegenaawe 'agazaaze yekalaakalelate yehone?,Vi4RfkYoKf0,78610,4165,0,194,0,PT17M39S,2024-01-16 16:54:20
Ethiopia saraawitu badasetaa 'eyachafara nawe Etiopian news|Mereja TV Today|Anchor media| #howto #ethiopianews #ethio,OyQ0zEDAbjI,300,8,0,0,0,PT8M50S,2024-09-18 06:26:17
Anchor Media he'apaa kahagaraawi yamekekere hidatu lamene raasune 'agalala?,IZHUlK30QE0,41980,1830,0,100,0,PT16M17S,2024-06-04 09:30:05
jhuNjhunuuN..raajeNdr siNh guddh'aa kii pulis se  vaayrl,jw2sYyd3F5E,5609,202,0,9,0,PT43S,2024-10-14 15:16:17
Anchor Media yagonedare faano 'anede hona: yadahenenate geberahaayelu magelachaa: teyopheyaa 'ahune yamiyaasefalegaate mekekere wayese deredere?,-dQksaJIuEE,65040,2899,0,232,0,PT1H28M2S,2024-04-24 18:30:46
AnchorSpecia bakaaderee yaaletasaakaa yapolatikaa delalaa bawataadare lisaakaa 'ayeceleme - ya'amaaraa faano gonedare `eze yatasatha magelachaa,Pnguk60GAMI,63787,3938,0,196,0,PT9M3S,2024-06-22 00:23:02
Anchor Breaking babaaheredaare maameshaawene yabonebe theqaatoce tafatsamu: ya'abeye 'ahemade yabaaheredaare guzone batamalakata faano 'asethaneqeqwaale,nRl-z4MP33U,90732,5032,0,274,0,PT10M56S,2024-05-10 22:02:06
Anchor media&#39;&#39; hulaaceneme bametesamethe jalebaa laaye nane. ya'abeye 'ahemade 'agazaaze ba'achere gizee wesethe yewadeqaale: tazagaajetanaale waye?&#39;&#39; do/re yonaase beru,TswVCh6Y9C8,78760,2661,0,398,0,PT1H43M41S,2024-04-29 03:31:41
&quot;mehuraane yethefaa&quot; Daniel Kibret |daane'eele keberate | Anchor media |Ethio forum #birhanujula #amhara #fano,s0YltTe_n94,71,1,0,0,0,PT47S,2024-05-12 08:21:36
Anchor Media yathaqelaaye miniseteru yakonomi maaberaariyaa bakonomi baalamuyaa sifatashe,FTUdwVO1CaA,58835,2443,0,196,0,PT1H11M48S,2023-11-17 21:58:30
MODI&#39;S BJP BECAME NO 1 PARTY IN JAMMU KASHMIR | RATAN TATA PASSES AWAY NEWS | PAK PUBLIC REACTION,X6WADL19TnU,328157,7800,0,1649,0,PT31M33S,2024-10-10 00:35:31
Anchor Media ya'abeye 'ahemade yamacharashaawaa kaarede: yapiyaasaa nawaariwocenaa la`aalame 'aqafu maahebarasabe yaqarabawe theri: 'adise 'ababaa laaye yaanezhaababawe 'adagaa,3JClu5Uz9O0,81148,3134,0,331,0,PT54M47S,2024-04-09 17:46:41
Anchor News yanaahusanaaye 'asekereene yate nawe yaalawe? 'enaatu yenaagaraalu: yabeletsegenaa janaraaloce zarafaa: gonedare faano 'anede hona: hezebe qaala mahalaa fatsama,ZbE-Y-a1o6A,116233,5900,0,444,0,PT33M35S,2024-04-25 15:31:02
Anchor Media 'adise 'ababaa mekekere - 'oromiyaanaa 'amaaraa thorenate: ya'abeye saraawite wada 'amaaraa kelele 'eyagorafa nawe: yaqeduse sinodosu gubaa`ee,MxJzw_0fiJE,98371,3643,0,469,0,PT1H26M29S,2024-05-30 01:23:22
"sabare zeenaa |  | Ethiopian News July 7,2024 |",a8G0Qb-f_bo,18768,329,0,15,0,PT8M20S,2024-07-07 05:24:50
Anchor Media yaminiseteroce shumate: la'abeye negegere yahaayemaanote taqwaamaate zemetaa menedene nawe? 'amaaraane ba'amaaraa: yamaraawiwe `eleqite 'enedithaaraa tathayaqa,iI3K7IwGzbY,71064,2670,0,379,0,PT1H37M25S,2024-02-08 21:17:10
Anchor &#39;&#39;yaraayaawe theqaate ya'abeye 'ahemadene 'agazaaze wedeqate yaafaathenawaale. 'abeyene kaselethaane maasewagade 'amaaraache yaleelawe gudaaye nawe&#39;&#39; /re yeleqaale geetenate,P7KezmBtfo8,132150,4602,0,470,0,PT1H21M48S,2024-04-18 02:32:51
Anchor Media yabaaheredaaru theqaate: ya'adaanace 'abeebee fatanaa tasaraza wayese taraazama? 5 'eereteraaweyaane 'aretisetoce bateyopheyaa taafenawaale: ya'odaa 'awaarede,UzHhfwjesfU,98868,3455,0,225,0,PT1H26M32S,2023-12-22 22:37:37
Anchor Media yacharaqaa wadabenaa mazazu: ya'oromiyaa beletsegenaa yachekaanee 'eremejaawoce ba'adise 'ababaa: yapolatikaa paaretiwoce kabeletsegenaa gone maqome: yadipelomaasi keserate,5iPppfiJKSE,69534,2689,0,195,0,PT1H20M9S,2024-01-12 02:07:31
